family,dimension,distance,goal_group,solver,solved_tasks,total_tasks,successful_runs,attempted_runs,median_task_wall_s,plan_lengths_p0_p5_p9,outcomes_p0_p5_p9
3-dim-visitall-CLOSE-g1,3,CLOSE,g1,folplan_astar,3,3,9,9,0.003055,p0=3;p5=3;p9=11,p0=solved;p5=solved;p9=solved
3-dim-visitall-CLOSE-g1,3,CLOSE,g1,powerlifted,3,3,9,9,0.122658,p0=3;p5=3;p9=11,p0=solved;p5=solved;p9=solved
3-dim-visitall-CLOSE-g1,3,CLOSE,g1,tyr,3,3,9,9,0.024237,p0=3;p5=3;p9=11,p0=solved;p5=solved;p9=solved
3-dim-visitall-CLOSE-g2,3,CLOSE,g2,folplan_astar,3,3,9,9,0.003031,p0=5;p5=12;p9=30,p0=solved;p5=solved;p9=solved
3-dim-visitall-CLOSE-g2,3,CLOSE,g2,powerlifted,3,3,9,9,0.142116,p0=5;p5=12;p9=30,p0=solved;p5=solved;p9=solved
3-dim-visitall-CLOSE-g2,3,CLOSE,g2,tyr,3,3,9,9,0.041245,p0=5;p5=12;p9=30,p0=solved;p5=solved;p9=solved
3-dim-visitall-CLOSE-g3,3,CLOSE,g3,folplan_astar,3,3,9,9,0.003545,p0=7;p5=13;p9=31,p0=solved;p5=solved;p9=solved
3-dim-visitall-CLOSE-g3,3,CLOSE,g3,powerlifted,3,3,9,9,0.178783,p0=7;p5=17;p9=37,p0=solved;p5=solved;p9=solved
3-dim-visitall-CLOSE-g3,3,CLOSE,g3,tyr,3,3,9,9,0.078935,p0=9;p5=17;p9=35,p0=solved;p5=solved;p9=solved
3-dim-visitall-FAR-g1,3,FAR,g1,folplan_astar,3,3,9,9,0.005794,p0=15;p5=97;p9=169,p0=solved;p5=solved;p9=solved
3-dim-visitall-FAR-g1,3,FAR,g1,powerlifted,1,3,3,5,0.126864,p0=15;p5=;p9=,p0=solved;p5=timeout;p9=memory_limit
3-dim-visitall-FAR-g1,3,FAR,g1,tyr,1,3,3,5,0.043693,p0=15;p5=;p9=,p0=solved;p5=timeout;p9=timeout
3-dim-visitall-FAR-g2,3,FAR,g2,folplan_astar,3,3,9,9,0.005610,p0=15;p5=105;p9=180,p0=solved;p5=solved;p9=solved
3-dim-visitall-FAR-g2,3,FAR,g2,powerlifted,1,3,3,5,0.129867,p0=15;p5=;p9=,p0=solved;p5=timeout;p9=memory_limit
3-dim-visitall-FAR-g2,3,FAR,g2,tyr,1,3,3,5,0.045563,p0=15;p5=;p9=,p0=solved;p5=timeout;p9=timeout
3-dim-visitall-FAR-g3,3,FAR,g3,folplan_astar,3,3,9,9,0.005598,p0=17;p5=110;p9=178,p0=solved;p5=solved;p9=solved
3-dim-visitall-FAR-g3,3,FAR,g3,powerlifted,1,3,3,5,0.137834,p0=17;p5=;p9=,p0=solved;p5=timeout;p9=memory_limit
3-dim-visitall-FAR-g3,3,FAR,g3,tyr,1,3,3,5,0.047290,p0=17;p5=;p9=,p0=solved;p5=timeout;p9=timeout
4-dim-visitall-CLOSE-g1,4,CLOSE,g1,folplan_astar,3,3,9,9,0.003275,p0=4;p5=3;p9=16,p0=solved;p5=solved;p9=solved
4-dim-visitall-CLOSE-g1,4,CLOSE,g1,powerlifted,3,3,9,9,0.121668,p0=4;p5=3;p9=16,p0=solved;p5=solved;p9=solved
4-dim-visitall-CLOSE-g1,4,CLOSE,g1,tyr,3,3,9,9,0.023141,p0=4;p5=3;p9=16,p0=solved;p5=solved;p9=solved
4-dim-visitall-CLOSE-g2,4,CLOSE,g2,folplan_astar,3,3,9,9,0.003758,p0=6;p5=11;p9=22,p0=solved;p5=solved;p9=solved
4-dim-visitall-CLOSE-g2,4,CLOSE,g2,powerlifted,3,3,9,9,0.328856,p0=6;p5=11;p9=22,p0=solved;p5=solved;p9=solved
4-dim-visitall-CLOSE-g2,4,CLOSE,g2,tyr,3,3,9,9,0.052106,p0=6;p5=11;p9=22,p0=solved;p5=solved;p9=solved
4-dim-visitall-CLOSE-g3,4,CLOSE,g3,folplan_astar,3,3,9,9,0.003088,p0=10;p5=20;p9=11,p0=solved;p5=solved;p9=solved
4-dim-visitall-CLOSE-g3,4,CLOSE,g3,powerlifted,3,3,9,9,0.271488,p0=10;p5=20;p9=11,p0=solved;p5=solved;p9=solved
4-dim-visitall-CLOSE-g3,4,CLOSE,g3,tyr,3,3,9,9,0.062829,p0=10;p5=20;p9=13,p0=solved;p5=solved;p9=solved
4-dim-visitall-FAR-g1,4,FAR,g1,folplan_astar,3,3,9,9,0.005408,p0=19;p5=91;p9=134,p0=solved;p5=solved;p9=solved
4-dim-visitall-FAR-g1,4,FAR,g1,powerlifted,1,3,3,5,0.274564,p0=19;p5=;p9=,p0=solved;p5=memory_limit;p9=memory_limit
4-dim-visitall-FAR-g1,4,FAR,g1,tyr,1,3,3,5,0.211708,p0=19;p5=;p9=,p0=solved;p5=timeout;p9=timeout
4-dim-visitall-FAR-g2,4,FAR,g2,folplan_astar,3,3,9,9,0.005470,p0=21;p5=95;p9=181,p0=solved;p5=solved;p9=solved
4-dim-visitall-FAR-g2,4,FAR,g2,powerlifted,1,3,3,5,0.376469,p0=21;p5=;p9=,p0=solved;p5=memory_limit;p9=memory_limit
4-dim-visitall-FAR-g2,4,FAR,g2,tyr,1,3,3,5,0.240576,p0=21;p5=;p9=,p0=solved;p5=timeout;p9=timeout
4-dim-visitall-FAR-g3,4,FAR,g3,folplan_astar,3,3,9,9,0.005935,p0=23;p5=103;p9=173,p0=solved;p5=solved;p9=solved
4-dim-visitall-FAR-g3,4,FAR,g3,powerlifted,1,3,3,5,0.426927,p0=23;p5=;p9=,p0=solved;p5=memory_limit;p9=memory_limit
4-dim-visitall-FAR-g3,4,FAR,g3,tyr,1,3,3,5,0.227870,p0=23;p5=;p9=,p0=solved;p5=timeout;p9=timeout
5-dim-visitall-CLOSE-g1,5,CLOSE,g1,folplan_astar,3,3,9,9,0.003605,p0=4;p5=3;p9=13,p0=solved;p5=solved;p9=solved
5-dim-visitall-CLOSE-g1,5,CLOSE,g1,powerlifted,3,3,9,9,0.140455,p0=4;p5=3;p9=13,p0=solved;p5=solved;p9=solved
5-dim-visitall-CLOSE-g1,5,CLOSE,g1,tyr,3,3,9,9,0.027638,p0=4;p5=3;p9=13,p0=solved;p5=solved;p9=solved
5-dim-visitall-CLOSE-g2,5,CLOSE,g2,folplan_astar,3,3,9,9,0.003662,p0=6;p5=17;p9=13,p0=solved;p5=solved;p9=solved
5-dim-visitall-CLOSE-g2,5,CLOSE,g2,powerlifted,3,3,9,9,1.931423,p0=6;p5=17;p9=13,p0=solved;p5=solved;p9=solved
5-dim-visitall-CLOSE-g2,5,CLOSE,g2,tyr,3,3,9,9,0.459838,p0=6;p5=17;p9=13,p0=solved;p5=solved;p9=solved
5-dim-visitall-CLOSE-g3,5,CLOSE,g3,folplan_astar,3,3,9,9,0.003717,p0=10;p5=24;p9=9,p0=solved;p5=solved;p9=solved
5-dim-visitall-CLOSE-g3,5,CLOSE,g3,powerlifted,2,3,6,7,0.778030,p0=10;p5=;p9=9,p0=solved;p5=memory_limit;p9=solved
5-dim-visitall-CLOSE-g3,5,CLOSE,g3,tyr,2,3,6,7,0.054322,p0=10;p5=;p9=9,p0=solved;p5=timeout;p9=solved
5-dim-visitall-FAR-g1,5,FAR,g1,folplan_astar,3,3,9,9,0.003980,p0=24;p5=65;p9=91,p0=solved;p5=solved;p9=solved
5-dim-visitall-FAR-g1,5,FAR,g1,powerlifted,1,3,3,5,4.705655,p0=24;p5=;p9=,p0=solved;p5=memory_limit;p9=memory_limit
5-dim-visitall-FAR-g1,5,FAR,g1,tyr,1,3,3,5,2.348128,p0=24;p5=;p9=,p0=solved;p5=timeout;p9=timeout
5-dim-visitall-FAR-g2,5,FAR,g2,folplan_astar,3,3,9,9,0.004765,p0=26;p5=78;p9=113,p0=solved;p5=solved;p9=solved
5-dim-visitall-FAR-g2,5,FAR,g2,powerlifted,1,3,3,5,8.257000,p0=28;p5=;p9=,p0=solved;p5=memory_limit;p9=memory_limit
5-dim-visitall-FAR-g2,5,FAR,g2,tyr,1,3,3,5,2.675546,p0=26;p5=;p9=,p0=solved;p5=timeout;p9=timeout
5-dim-visitall-FAR-g3,5,FAR,g3,folplan_astar,3,3,9,9,0.005348,p0=28;p5=79;p9=113,p0=solved;p5=solved;p9=solved
5-dim-visitall-FAR-g3,5,FAR,g3,powerlifted,1,3,3,5,9.150086,p0=30;p5=;p9=,p0=solved;p5=memory_limit;p9=memory_limit
5-dim-visitall-FAR-g3,5,FAR,g3,tyr,1,3,3,5,2.512551,p0=28;p5=;p9=,p0=solved;p5=timeout;p9=timeout
