family,dimension,distance,goal_group,problem,outcome,successful_runs,attempted_runs,folplan_plan_length,oracle_plan_length,matches_oracle_length
3-dim-visitall-CLOSE-g1,3,CLOSE,g1,p0,solved,3,3,3,3,true
3-dim-visitall-CLOSE-g1,3,CLOSE,g1,p5,solved,3,3,3,3,true
3-dim-visitall-CLOSE-g1,3,CLOSE,g1,p9,solved,3,3,11,11,true
3-dim-visitall-CLOSE-g2,3,CLOSE,g2,p0,solved,3,3,5,5,true
3-dim-visitall-CLOSE-g2,3,CLOSE,g2,p5,solved,3,3,12,12,true
3-dim-visitall-CLOSE-g2,3,CLOSE,g2,p9,solved,3,3,30,30,true
3-dim-visitall-CLOSE-g3,3,CLOSE,g3,p0,solved,3,3,7,7,true
3-dim-visitall-CLOSE-g3,3,CLOSE,g3,p5,solved,3,3,13,13,true
3-dim-visitall-CLOSE-g3,3,CLOSE,g3,p9,solved,3,3,31,31,true
3-dim-visitall-FAR-g1,3,FAR,g1,p0,solved,3,3,15,15,true
3-dim-visitall-FAR-g1,3,FAR,g1,p5,solved,3,3,97,97,true
3-dim-visitall-FAR-g1,3,FAR,g1,p9,solved,3,3,169,169,true
3-dim-visitall-FAR-g2,3,FAR,g2,p0,solved,3,3,15,15,true
3-dim-visitall-FAR-g2,3,FAR,g2,p5,solved,3,3,105,105,true
3-dim-visitall-FAR-g2,3,FAR,g2,p9,solved,3,3,180,180,true
3-dim-visitall-FAR-g3,3,FAR,g3,p0,solved,3,3,17,17,true
3-dim-visitall-FAR-g3,3,FAR,g3,p5,solved,3,3,110,110,true
3-dim-visitall-FAR-g3,3,FAR,g3,p9,solved,3,3,178,178,true
4-dim-visitall-CLOSE-g1,4,CLOSE,g1,p0,solved,3,3,4,4,true
4-dim-visitall-CLOSE-g1,4,CLOSE,g1,p5,solved,3,3,3,3,true
4-dim-visitall-CLOSE-g1,4,CLOSE,g1,p9,solved,3,3,16,16,true
4-dim-visitall-CLOSE-g2,4,CLOSE,g2,p0,solved,3,3,6,6,true
4-dim-visitall-CLOSE-g2,4,CLOSE,g2,p5,solved,3,3,11,11,true
4-dim-visitall-CLOSE-g2,4,CLOSE,g2,p9,solved,3,3,22,22,true
4-dim-visitall-CLOSE-g3,4,CLOSE,g3,p0,solved,3,3,10,10,true
4-dim-visitall-CLOSE-g3,4,CLOSE,g3,p5,solved,3,3,20,20,true
4-dim-visitall-CLOSE-g3,4,CLOSE,g3,p9,solved,3,3,11,11,true
4-dim-visitall-FAR-g1,4,FAR,g1,p0,solved,3,3,19,19,true
4-dim-visitall-FAR-g1,4,FAR,g1,p5,solved,3,3,91,91,true
4-dim-visitall-FAR-g1,4,FAR,g1,p9,solved,3,3,134,134,true
4-dim-visitall-FAR-g2,4,FAR,g2,p0,solved,3,3,21,21,true
4-dim-visitall-FAR-g2,4,FAR,g2,p5,solved,3,3,95,95,true
4-dim-visitall-FAR-g2,4,FAR,g2,p9,solved,3,3,181,181,true
4-dim-visitall-FAR-g3,4,FAR,g3,p0,solved,3,3,23,23,true
4-dim-visitall-FAR-g3,4,FAR,g3,p5,solved,3,3,103,103,true
4-dim-visitall-FAR-g3,4,FAR,g3,p9,solved,3,3,173,173,true
5-dim-visitall-CLOSE-g1,5,CLOSE,g1,p0,solved,3,3,4,4,true
5-dim-visitall-CLOSE-g1,5,CLOSE,g1,p5,solved,3,3,3,3,true
5-dim-visitall-CLOSE-g1,5,CLOSE,g1,p9,solved,3,3,13,13,true
5-dim-visitall-CLOSE-g2,5,CLOSE,g2,p0,solved,3,3,6,6,true
5-dim-visitall-CLOSE-g2,5,CLOSE,g2,p5,solved,3,3,17,17,true
5-dim-visitall-CLOSE-g2,5,CLOSE,g2,p9,solved,3,3,13,13,true
5-dim-visitall-CLOSE-g3,5,CLOSE,g3,p0,solved,3,3,10,10,true
5-dim-visitall-CLOSE-g3,5,CLOSE,g3,p5,solved,3,3,24,24,true
5-dim-visitall-CLOSE-g3,5,CLOSE,g3,p9,solved,3,3,9,9,true
5-dim-visitall-FAR-g1,5,FAR,g1,p0,solved,3,3,24,24,true
5-dim-visitall-FAR-g1,5,FAR,g1,p5,solved,3,3,65,65,true
5-dim-visitall-FAR-g1,5,FAR,g1,p9,solved,3,3,91,91,true
5-dim-visitall-FAR-g2,5,FAR,g2,p0,solved,3,3,26,26,true
5-dim-visitall-FAR-g2,5,FAR,g2,p5,solved,3,3,78,78,true
5-dim-visitall-FAR-g2,5,FAR,g2,p9,solved,3,3,113,113,true
5-dim-visitall-FAR-g3,5,FAR,g3,p0,solved,3,3,28,28,true
5-dim-visitall-FAR-g3,5,FAR,g3,p5,solved,3,3,79,79,true
5-dim-visitall-FAR-g3,5,FAR,g3,p9,solved,3,3,113,113,true
