family,problem,remaining_targets,optimal_length
3-dim-visitall-CLOSE-g1,p0,1,3
3-dim-visitall-CLOSE-g1,p1,1,4
3-dim-visitall-CLOSE-g1,p2,1,5
3-dim-visitall-CLOSE-g1,p3,1,7
3-dim-visitall-CLOSE-g1,p4,1,11
3-dim-visitall-CLOSE-g1,p5,1,3
3-dim-visitall-CLOSE-g1,p6,1,6
3-dim-visitall-CLOSE-g1,p7,1,15
3-dim-visitall-CLOSE-g1,p8,1,12
3-dim-visitall-CLOSE-g1,p9,1,11
3-dim-visitall-CLOSE-g2,p0,2,5
3-dim-visitall-CLOSE-g2,p1,2,7
3-dim-visitall-CLOSE-g2,p2,2,15
3-dim-visitall-CLOSE-g2,p3,2,19
3-dim-visitall-CLOSE-g2,p4,2,19
3-dim-visitall-CLOSE-g2,p5,2,12
3-dim-visitall-CLOSE-g2,p6,2,14
3-dim-visitall-CLOSE-g2,p7,2,49
3-dim-visitall-CLOSE-g2,p8,2,28
3-dim-visitall-CLOSE-g2,p9,2,30
3-dim-visitall-CLOSE-g3,p0,3,7
3-dim-visitall-CLOSE-g3,p1,3,13
3-dim-visitall-CLOSE-g3,p2,3,24
3-dim-visitall-CLOSE-g3,p3,3,23
3-dim-visitall-CLOSE-g3,p4,3,23
3-dim-visitall-CLOSE-g3,p5,3,13
3-dim-visitall-CLOSE-g3,p6,3,41
3-dim-visitall-CLOSE-g3,p7,3,13
3-dim-visitall-CLOSE-g3,p8,3,30
3-dim-visitall-CLOSE-g3,p9,3,31
3-dim-visitall-FAR-g1,p0,1,15
3-dim-visitall-FAR-g1,p1,1,31
3-dim-visitall-FAR-g1,p2,1,50
3-dim-visitall-FAR-g1,p3,1,54
3-dim-visitall-FAR-g1,p4,1,79
3-dim-visitall-FAR-g1,p5,1,97
3-dim-visitall-FAR-g1,p6,1,102
3-dim-visitall-FAR-g1,p7,1,126
3-dim-visitall-FAR-g1,p8,1,127
3-dim-visitall-FAR-g1,p9,1,169
3-dim-visitall-FAR-g2,p0,2,15
3-dim-visitall-FAR-g2,p1,2,33
3-dim-visitall-FAR-g2,p2,2,51
3-dim-visitall-FAR-g2,p3,2,69
3-dim-visitall-FAR-g2,p4,2,74
3-dim-visitall-FAR-g2,p5,2,105
3-dim-visitall-FAR-g2,p6,2,128
3-dim-visitall-FAR-g2,p7,2,138
3-dim-visitall-FAR-g2,p8,2,164
3-dim-visitall-FAR-g2,p9,2,180
3-dim-visitall-FAR-g3,p0,3,17
3-dim-visitall-FAR-g3,p1,3,37
3-dim-visitall-FAR-g3,p2,3,53
3-dim-visitall-FAR-g3,p3,3,73
3-dim-visitall-FAR-g3,p4,3,94
3-dim-visitall-FAR-g3,p5,3,110
3-dim-visitall-FAR-g3,p6,3,131
3-dim-visitall-FAR-g3,p7,3,142
3-dim-visitall-FAR-g3,p8,3,211
3-dim-visitall-FAR-g3,p9,3,178
4-dim-visitall-CLOSE-g1,p0,1,4
4-dim-visitall-CLOSE-g1,p1,1,5
4-dim-visitall-CLOSE-g1,p2,1,7
4-dim-visitall-CLOSE-g1,p3,1,4
4-dim-visitall-CLOSE-g1,p4,1,3
4-dim-visitall-CLOSE-g1,p5,1,3
4-dim-visitall-CLOSE-g1,p6,1,13
4-dim-visitall-CLOSE-g1,p7,1,14
4-dim-visitall-CLOSE-g1,p8,1,14
4-dim-visitall-CLOSE-g1,p9,1,16
4-dim-visitall-CLOSE-g2,p0,2,6
4-dim-visitall-CLOSE-g2,p1,2,5
4-dim-visitall-CLOSE-g2,p2,2,8
4-dim-visitall-CLOSE-g2,p3,2,13
4-dim-visitall-CLOSE-g2,p4,2,12
4-dim-visitall-CLOSE-g2,p5,2,11
4-dim-visitall-CLOSE-g2,p6,2,11
4-dim-visitall-CLOSE-g2,p7,2,21
4-dim-visitall-CLOSE-g2,p8,2,15
4-dim-visitall-CLOSE-g2,p9,2,22
4-dim-visitall-CLOSE-g3,p0,3,10
4-dim-visitall-CLOSE-g3,p1,3,12
4-dim-visitall-CLOSE-g3,p2,3,17
4-dim-visitall-CLOSE-g3,p3,3,27
4-dim-visitall-CLOSE-g3,p4,3,12
4-dim-visitall-CLOSE-g3,p5,3,20
4-dim-visitall-CLOSE-g3,p6,3,34
4-dim-visitall-CLOSE-g3,p7,3,30
4-dim-visitall-CLOSE-g3,p8,3,43
4-dim-visitall-CLOSE-g3,p9,3,11
4-dim-visitall-FAR-g1,p0,1,19
4-dim-visitall-FAR-g1,p1,1,28
4-dim-visitall-FAR-g1,p2,1,50
4-dim-visitall-FAR-g1,p3,1,65
4-dim-visitall-FAR-g1,p4,1,74
4-dim-visitall-FAR-g1,p5,1,91
4-dim-visitall-FAR-g1,p6,1,88
4-dim-visitall-FAR-g1,p7,1,120
4-dim-visitall-FAR-g1,p8,1,148
4-dim-visitall-FAR-g1,p9,1,134
4-dim-visitall-FAR-g2,p0,2,21
4-dim-visitall-FAR-g2,p1,2,36
4-dim-visitall-FAR-g2,p2,2,56
4-dim-visitall-FAR-g2,p3,2,76
4-dim-visitall-FAR-g2,p4,2,87
4-dim-visitall-FAR-g2,p5,2,95
4-dim-visitall-FAR-g2,p6,2,113
4-dim-visitall-FAR-g2,p7,2,130
4-dim-visitall-FAR-g2,p8,2,142
4-dim-visitall-FAR-g2,p9,2,181
4-dim-visitall-FAR-g3,p0,3,23
4-dim-visitall-FAR-g3,p1,3,37
4-dim-visitall-FAR-g3,p2,3,55
4-dim-visitall-FAR-g3,p3,3,89
4-dim-visitall-FAR-g3,p4,3,101
4-dim-visitall-FAR-g3,p5,3,103
4-dim-visitall-FAR-g3,p6,3,119
4-dim-visitall-FAR-g3,p7,3,140
4-dim-visitall-FAR-g3,p8,3,175
4-dim-visitall-FAR-g3,p9,3,173
5-dim-visitall-CLOSE-g1,p0,1,4
5-dim-visitall-CLOSE-g1,p1,1,3
5-dim-visitall-CLOSE-g1,p2,1,5
5-dim-visitall-CLOSE-g1,p3,1,6
5-dim-visitall-CLOSE-g1,p4,1,5
5-dim-visitall-CLOSE-g1,p5,1,3
5-dim-visitall-CLOSE-g1,p6,1,7
5-dim-visitall-CLOSE-g1,p7,1,8
5-dim-visitall-CLOSE-g1,p8,1,3
5-dim-visitall-CLOSE-g1,p9,1,13
5-dim-visitall-CLOSE-g2,p0,2,6
5-dim-visitall-CLOSE-g2,p1,2,10
5-dim-visitall-CLOSE-g2,p2,2,5
5-dim-visitall-CLOSE-g2,p3,2,16
5-dim-visitall-CLOSE-g2,p4,2,10
5-dim-visitall-CLOSE-g2,p5,2,17
5-dim-visitall-CLOSE-g2,p6,2,13
5-dim-visitall-CLOSE-g2,p7,2,22
5-dim-visitall-CLOSE-g2,p8,2,21
5-dim-visitall-CLOSE-g2,p9,2,13
5-dim-visitall-CLOSE-g3,p0,3,10
5-dim-visitall-CLOSE-g3,p1,3,9
5-dim-visitall-CLOSE-g3,p2,3,13
5-dim-visitall-CLOSE-g3,p3,3,12
5-dim-visitall-CLOSE-g3,p4,3,11
5-dim-visitall-CLOSE-g3,p5,3,24
5-dim-visitall-CLOSE-g3,p6,3,19
5-dim-visitall-CLOSE-g3,p7,3,11
5-dim-visitall-CLOSE-g3,p8,3,10
5-dim-visitall-CLOSE-g3,p9,3,9
5-dim-visitall-FAR-g1,p0,1,24
5-dim-visitall-FAR-g1,p1,1,35
5-dim-visitall-FAR-g1,p2,1,37
5-dim-visitall-FAR-g1,p3,1,49
5-dim-visitall-FAR-g1,p4,1,60
5-dim-visitall-FAR-g1,p5,1,65
5-dim-visitall-FAR-g1,p6,1,81
5-dim-visitall-FAR-g1,p7,1,89
5-dim-visitall-FAR-g1,p8,1,104
5-dim-visitall-FAR-g1,p9,1,91
5-dim-visitall-FAR-g2,p0,2,26
5-dim-visitall-FAR-g2,p1,2,35
5-dim-visitall-FAR-g2,p2,2,47
5-dim-visitall-FAR-g2,p3,2,59
5-dim-visitall-FAR-g2,p4,2,64
5-dim-visitall-FAR-g2,p5,2,78
5-dim-visitall-FAR-g2,p6,2,85
5-dim-visitall-FAR-g2,p7,2,97
5-dim-visitall-FAR-g2,p8,2,108
5-dim-visitall-FAR-g2,p9,2,113
5-dim-visitall-FAR-g3,p0,3,28
5-dim-visitall-FAR-g3,p1,3,40
5-dim-visitall-FAR-g3,p2,3,50
5-dim-visitall-FAR-g3,p3,3,61
5-dim-visitall-FAR-g3,p4,3,66
5-dim-visitall-FAR-g3,p5,3,79
5-dim-visitall-FAR-g3,p6,3,92
5-dim-visitall-FAR-g3,p7,3,108
5-dim-visitall-FAR-g3,p8,3,111
5-dim-visitall-FAR-g3,p9,3,113
