family,dimension,distance,goal_group,problem,domain_sha256,problem_sha256,attempt_policy,timeout_s,address_space_limit_bytes
3-dim-visitall-CLOSE-g1,3,CLOSE,g1,p0,ed7817fe0ad0b72d4fff65fd7db6c601628b1e1db54560c335bbea0c003d4f8d,934e79f4ea40ed4ea30e956f7ab0bbd4a904f501df54862122234bf31d223c26,3 on success; stop after first failure (1 total),15,1073741824
3-dim-visitall-CLOSE-g1,3,CLOSE,g1,p5,ed7817fe0ad0b72d4fff65fd7db6c601628b1e1db54560c335bbea0c003d4f8d,3e18760bb1076f26cfcb055ea7e10c0d98a7e13c9b6dc822e368e08d9cb9dc33,3 on success; stop after first failure (1 total),15,1073741824
3-dim-visitall-CLOSE-g1,3,CLOSE,g1,p9,ed7817fe0ad0b72d4fff65fd7db6c601628b1e1db54560c335bbea0c003d4f8d,29ae45bf6dd70364b03f21d693e5921228b1b920c471252c3692fcb34bdb9d66,3 on success; stop after first failure (1 total),15,1073741824
3-dim-visitall-CLOSE-g2,3,CLOSE,g2,p0,ed7817fe0ad0b72d4fff65fd7db6c601628b1e1db54560c335bbea0c003d4f8d,6494f9dc42e74eb6ba69722ad5b12656db2959ec4feee188fd8345f3e11a524f,3 on success; stop after first failure (1 total),15,1073741824
3-dim-visitall-CLOSE-g2,3,CLOSE,g2,p5,ed7817fe0ad0b72d4fff65fd7db6c601628b1e1db54560c335bbea0c003d4f8d,e2b8a98525bc522411b28b80f10deddd3fcc53c324be89ba049919ac5005d949,3 on success; stop after first failure (1 total),15,1073741824
3-dim-visitall-CLOSE-g2,3,CLOSE,g2,p9,ed7817fe0ad0b72d4fff65fd7db6c601628b1e1db54560c335bbea0c003d4f8d,0b23df75ed6b3310eb4f71ea739ee6633a99ef4c604aede44062600edfb35df5,3 on success; stop after first failure (1 total),15,1073741824
3-dim-visitall-CLOSE-g3,3,CLOSE,g3,p0,ed7817fe0ad0b72d4fff65fd7db6c601628b1e1db54560c335bbea0c003d4f8d,0aa229140a149104e5502763420fdad6e7a70facd586f3ae005440df13314de5,3 on success; stop after first failure (1 total),15,1073741824
3-dim-visitall-CLOSE-g3,3,CLOSE,g3,p5,ed7817fe0ad0b72d4fff65fd7db6c601628b1e1db54560c335bbea0c003d4f8d,c0c66646fabfb89a87de3e9de40002c24102600cc1b79ef255be17da6dc9daf9,3 on success; stop after first failure (1 total),15,1073741824
3-dim-visitall-CLOSE-g3,3,CLOSE,g3,p9,ed7817fe0ad0b72d4fff65fd7db6c601628b1e1db54560c335bbea0c003d4f8d,bb4f715fc458df869f02e9198e94cee46744a3baebd5d4e48d93e5098defeca0,3 on success; stop after first failure (1 total),15,1073741824
3-dim-visitall-FAR-g1,3,FAR,g1,p0,ed7817fe0ad0b72d4fff65fd7db6c601628b1e1db54560c335bbea0c003d4f8d,b979f2acf0985b9d463d413438c74e0c899d5380bd4651d1a0c1fbb75c25747c,3 on success; stop after first failure (1 total),15,1073741824
3-dim-visitall-FAR-g1,3,FAR,g1,p5,ed7817fe0ad0b72d4fff65fd7db6c601628b1e1db54560c335bbea0c003d4f8d,3318db4fe9faf5a31c70a4f36dd943b3374059e7e40fcff08e617577fdfc2d39,3 on success; stop after first failure (1 total),15,1073741824
3-dim-visitall-FAR-g1,3,FAR,g1,p9,ed7817fe0ad0b72d4fff65fd7db6c601628b1e1db54560c335bbea0c003d4f8d,6b58ac7bbd567c5e63968c5571a9c718973e05d45c2d10fd1343cec343caab54,3 on success; stop after first failure (1 total),15,1073741824
3-dim-visitall-FAR-g2,3,FAR,g2,p0,ed7817fe0ad0b72d4fff65fd7db6c601628b1e1db54560c335bbea0c003d4f8d,32fe3346dd513bae31bdff33b522c65d58e035a09a22b3bac77836144734af8b,3 on success; stop after first failure (1 total),15,1073741824
3-dim-visitall-FAR-g2,3,FAR,g2,p5,ed7817fe0ad0b72d4fff65fd7db6c601628b1e1db54560c335bbea0c003d4f8d,bc5883d0ac6ce141fa54c31db85377be2b538715789a84c9a85413da5153e7f9,3 on success; stop after first failure (1 total),15,1073741824
3-dim-visitall-FAR-g2,3,FAR,g2,p9,ed7817fe0ad0b72d4fff65fd7db6c601628b1e1db54560c335bbea0c003d4f8d,3f3dcdde58585612530912c74c2cf8886353cd9af2dc9464fb03d9a9d80fafa1,3 on success; stop after first failure (1 total),15,1073741824
3-dim-visitall-FAR-g3,3,FAR,g3,p0,ed7817fe0ad0b72d4fff65fd7db6c601628b1e1db54560c335bbea0c003d4f8d,a034c43f6102688cea99b5c4671ffe6a40ef2cfaeb487e9b45b44c6697aa5037,3 on success; stop after first failure (1 total),15,1073741824
3-dim-visitall-FAR-g3,3,FAR,g3,p5,ed7817fe0ad0b72d4fff65fd7db6c601628b1e1db54560c335bbea0c003d4f8d,57ddc00962dce508e67ae52aa10e4e41af44b1b9981f21a427c42f4c0b7e0231,3 on success; stop after first failure (1 total),15,1073741824
3-dim-visitall-FAR-g3,3,FAR,g3,p9,ed7817fe0ad0b72d4fff65fd7db6c601628b1e1db54560c335bbea0c003d4f8d,707691a39c8000e999e729507da5dd326b4a2899310e54e3c3dd2f9ebdaf8953,3 on success; stop after first failure (1 total),15,1073741824
4-dim-visitall-CLOSE-g1,4,CLOSE,g1,p0,f1e6ecff7ef8676e3926d95e7c3c02f4fe63a4bee5a6d329cb7082c532eb06c0,b9358ff9fa205575de47c8b3229e1f358306c83caf8bc0f280096ebee2c65bb9,3 on success; stop after first failure (1 total),15,1073741824
4-dim-visitall-CLOSE-g1,4,CLOSE,g1,p5,f1e6ecff7ef8676e3926d95e7c3c02f4fe63a4bee5a6d329cb7082c532eb06c0,b0fcd64485b1c67a73e3cb9e345add4d062031d63b4c6ddc2f096d665ab00ce2,3 on success; stop after first failure (1 total),15,1073741824
4-dim-visitall-CLOSE-g1,4,CLOSE,g1,p9,f1e6ecff7ef8676e3926d95e7c3c02f4fe63a4bee5a6d329cb7082c532eb06c0,0625f19c96f51cc75494a872a4be242ca76d461e3536b6f524e94cf158960f37,3 on success; stop after first failure (1 total),15,1073741824
4-dim-visitall-CLOSE-g2,4,CLOSE,g2,p0,f1e6ecff7ef8676e3926d95e7c3c02f4fe63a4bee5a6d329cb7082c532eb06c0,cbdb946c966f12c5a082b484fd085059f07718fbce9904fa2b30a17d31f16df1,3 on success; stop after first failure (1 total),15,1073741824
4-dim-visitall-CLOSE-g2,4,CLOSE,g2,p5,f1e6ecff7ef8676e3926d95e7c3c02f4fe63a4bee5a6d329cb7082c532eb06c0,ce2db4d38d51ee7f4f14621f01339279bff2b82fb73d2de7bba9295a9e3bcaba,3 on success; stop after first failure (1 total),15,1073741824
4-dim-visitall-CLOSE-g2,4,CLOSE,g2,p9,f1e6ecff7ef8676e3926d95e7c3c02f4fe63a4bee5a6d329cb7082c532eb06c0,07ae8cf7dbfc180f46377df83106543cfee902bd0678826794cb44ced3ac31d6,3 on success; stop after first failure (1 total),15,1073741824
4-dim-visitall-CLOSE-g3,4,CLOSE,g3,p0,f1e6ecff7ef8676e3926d95e7c3c02f4fe63a4bee5a6d329cb7082c532eb06c0,70c5e2d72cba8c50bf46123073b8e5bfdd70e19a55fa5b2d984eb4f91aa20ff8,3 on success; stop after first failure (1 total),15,1073741824
4-dim-visitall-CLOSE-g3,4,CLOSE,g3,p5,f1e6ecff7ef8676e3926d95e7c3c02f4fe63a4bee5a6d329cb7082c532eb06c0,dc3696fd9bfdc3d0f3945f0e9f619a5e43c3530850221a33fe5dd6051e25491d,3 on success; stop after first failure (1 total),15,1073741824
4-dim-visitall-CLOSE-g3,4,CLOSE,g3,p9,f1e6ecff7ef8676e3926d95e7c3c02f4fe63a4bee5a6d329cb7082c532eb06c0,a8d7404e2d69fe1efb643bb1443d46cd56d304778775262d5b947ceede911273,3 on success; stop after first failure (1 total),15,1073741824
4-dim-visitall-FAR-g1,4,FAR,g1,p0,f1e6ecff7ef8676e3926d95e7c3c02f4fe63a4bee5a6d329cb7082c532eb06c0,8ca4018a642f5ef2fa05c1bbfaa4d0341607ddb0e6f16984480d604c722a3d13,3 on success; stop after first failure (1 total),15,1073741824
4-dim-visitall-FAR-g1,4,FAR,g1,p5,f1e6ecff7ef8676e3926d95e7c3c02f4fe63a4bee5a6d329cb7082c532eb06c0,4980d50fca5c6660263f9db68e766f79022612cea46fca2c0fb47ef21c0cc6b4,3 on success; stop after first failure (1 total),15,1073741824
4-dim-visitall-FAR-g1,4,FAR,g1,p9,f1e6ecff7ef8676e3926d95e7c3c02f4fe63a4bee5a6d329cb7082c532eb06c0,43c49f4e685a291da0aac708ffe2603d4d6896108f6505720db696c6e9de95cb,3 on success; stop after first failure (1 total),15,1073741824
4-dim-visitall-FAR-g2,4,FAR,g2,p0,f1e6ecff7ef8676e3926d95e7c3c02f4fe63a4bee5a6d329cb7082c532eb06c0,7d51435b4fdf1fabd0ee0461fb8ec35abc3de8f3d09c587e2229d6d074a2f194,3 on success; stop after first failure (1 total),15,1073741824
4-dim-visitall-FAR-g2,4,FAR,g2,p5,f1e6ecff7ef8676e3926d95e7c3c02f4fe63a4bee5a6d329cb7082c532eb06c0,c0ac8258e0381f853162d9594bcc56fccd08514c3f2bb3807c4c0c80ea67ab03,3 on success; stop after first failure (1 total),15,1073741824
4-dim-visitall-FAR-g2,4,FAR,g2,p9,f1e6ecff7ef8676e3926d95e7c3c02f4fe63a4bee5a6d329cb7082c532eb06c0,9b7551e5febfae8d05557a04e3167ce0d822d47026d75d9becc80b34769179ed,3 on success; stop after first failure (1 total),15,1073741824
4-dim-visitall-FAR-g3,4,FAR,g3,p0,f1e6ecff7ef8676e3926d95e7c3c02f4fe63a4bee5a6d329cb7082c532eb06c0,e6ba38e761b9d1bbfd845f6974afd5c019c85eabb56b199f5d954b0a0a019a6a,3 on success; stop after first failure (1 total),15,1073741824
4-dim-visitall-FAR-g3,4,FAR,g3,p5,f1e6ecff7ef8676e3926d95e7c3c02f4fe63a4bee5a6d329cb7082c532eb06c0,aa575879833e8de489ffa35e4d9a9f92929e83291bdb26d204f4ffa8c838663b,3 on success; stop after first failure (1 total),15,1073741824
4-dim-visitall-FAR-g3,4,FAR,g3,p9,f1e6ecff7ef8676e3926d95e7c3c02f4fe63a4bee5a6d329cb7082c532eb06c0,981fd99b743f11b183bfb73e0d828aa4ac89c823bb4c333e428d1bf36b7c9911,3 on success; stop after first failure (1 total),15,1073741824
5-dim-visitall-CLOSE-g1,5,CLOSE,g1,p0,6fa1b035d2cfeeaa649733db5affd6627a8c2e6afd212ec2a8097a98fb81aaae,511d5f453fa5a9e708be3493fc6f90b6a537bd74999ed0f77029279670facc37,3 on success; stop after first failure (1 total),15,1073741824
5-dim-visitall-CLOSE-g1,5,CLOSE,g1,p5,6fa1b035d2cfeeaa649733db5affd6627a8c2e6afd212ec2a8097a98fb81aaae,9f197a4bd13d9592e025121270fddb2882ba50b179eeb2a77f584073636ba5c2,3 on success; stop after first failure (1 total),15,1073741824
5-dim-visitall-CLOSE-g1,5,CLOSE,g1,p9,6fa1b035d2cfeeaa649733db5affd6627a8c2e6afd212ec2a8097a98fb81aaae,c756fb83e18d2c34515660a1a629c04a9f84e45804ec19f09244718644d8717f,3 on success; stop after first failure (1 total),15,1073741824
5-dim-visitall-CLOSE-g2,5,CLOSE,g2,p0,6fa1b035d2cfeeaa649733db5affd6627a8c2e6afd212ec2a8097a98fb81aaae,2c154c0c82a79c0fce67d54862b49cd816bae41249331071a2882cac5250b0b5,3 on success; stop after first failure (1 total),15,1073741824
5-dim-visitall-CLOSE-g2,5,CLOSE,g2,p5,6fa1b035d2cfeeaa649733db5affd6627a8c2e6afd212ec2a8097a98fb81aaae,65cb974443f8013763bb5fa2476abadf3b706e9976fedc2b4009faeac8ec07bc,3 on success; stop after first failure (1 total),15,1073741824
5-dim-visitall-CLOSE-g2,5,CLOSE,g2,p9,6fa1b035d2cfeeaa649733db5affd6627a8c2e6afd212ec2a8097a98fb81aaae,bbf0b38b5ccb90e6e23985673635f5621de676ec54b86cc14b9c66f34caefbb2,3 on success; stop after first failure (1 total),15,1073741824
5-dim-visitall-CLOSE-g3,5,CLOSE,g3,p0,6fa1b035d2cfeeaa649733db5affd6627a8c2e6afd212ec2a8097a98fb81aaae,061a6b0ff99b128e00724d5eda756e1bdb2b65b9d3e97b67ff4f28f3a086a053,3 on success; stop after first failure (1 total),15,1073741824
5-dim-visitall-CLOSE-g3,5,CLOSE,g3,p5,6fa1b035d2cfeeaa649733db5affd6627a8c2e6afd212ec2a8097a98fb81aaae,ca75b64eb3b09a8263badf2206ebc9cf75bef8ff4bbbb057199f3b5127eb949f,3 on success; stop after first failure (1 total),15,1073741824
5-dim-visitall-CLOSE-g3,5,CLOSE,g3,p9,6fa1b035d2cfeeaa649733db5affd6627a8c2e6afd212ec2a8097a98fb81aaae,33a3c8d51004aab4a0f2fd8ace9c9f94adcdd61189cbe727ca4f2c3349af12b8,3 on success; stop after first failure (1 total),15,1073741824
5-dim-visitall-FAR-g1,5,FAR,g1,p0,6fa1b035d2cfeeaa649733db5affd6627a8c2e6afd212ec2a8097a98fb81aaae,83161a39884dd026e690ce48dd0a1c79a7cb13830ab67fb073ea7a0b68dcfd94,3 on success; stop after first failure (1 total),15,1073741824
5-dim-visitall-FAR-g1,5,FAR,g1,p5,6fa1b035d2cfeeaa649733db5affd6627a8c2e6afd212ec2a8097a98fb81aaae,125fde1c44b93267a847bbbca4661a476a2fa47412c15da88ac308b9cf85a209,3 on success; stop after first failure (1 total),15,1073741824
5-dim-visitall-FAR-g1,5,FAR,g1,p9,6fa1b035d2cfeeaa649733db5affd6627a8c2e6afd212ec2a8097a98fb81aaae,fbaa564d97c9f9fc2bf5c85923aacbc437d9ef54402c6833d3c705720f7a6f59,3 on success; stop after first failure (1 total),15,1073741824
5-dim-visitall-FAR-g2,5,FAR,g2,p0,6fa1b035d2cfeeaa649733db5affd6627a8c2e6afd212ec2a8097a98fb81aaae,6dec74989ec9b4bc562deb58e3e285e12c2a6d08b9121e6c3c7eb49e4481fffd,3 on success; stop after first failure (1 total),15,1073741824
5-dim-visitall-FAR-g2,5,FAR,g2,p5,6fa1b035d2cfeeaa649733db5affd6627a8c2e6afd212ec2a8097a98fb81aaae,b172c70d9ed08875b8d6f861059a74bed657d31f7018939d937d66a1f8eb0f99,3 on success; stop after first failure (1 total),15,1073741824
5-dim-visitall-FAR-g2,5,FAR,g2,p9,6fa1b035d2cfeeaa649733db5affd6627a8c2e6afd212ec2a8097a98fb81aaae,e4dafea8136287bdbcde804f5e631c796d67df8173aaa4d095719212fb8848db,3 on success; stop after first failure (1 total),15,1073741824
5-dim-visitall-FAR-g3,5,FAR,g3,p0,6fa1b035d2cfeeaa649733db5affd6627a8c2e6afd212ec2a8097a98fb81aaae,0980b2fe27845ef046828ef7e635d8fc4e0fb6779c047b82787263d1f8d8c785,3 on success; stop after first failure (1 total),15,1073741824
5-dim-visitall-FAR-g3,5,FAR,g3,p5,6fa1b035d2cfeeaa649733db5affd6627a8c2e6afd212ec2a8097a98fb81aaae,cca213c9a6583cb841c8e845e070ba44e31b280afd6a7742c0d9cc4ff4600fb7,3 on success; stop after first failure (1 total),15,1073741824
5-dim-visitall-FAR-g3,5,FAR,g3,p9,6fa1b035d2cfeeaa649733db5affd6627a8c2e6afd212ec2a8097a98fb81aaae,c1f198ab1174f8443315b5401b263335038d4f8a45c78c92040f5843584281f5,3 on success; stop after first failure (1 total),15,1073741824
