family,dimension,distance,goal_group,problem,solver,outcome,successful_runs,attempted_runs,requested_runs,median_wall_s,min_wall_s,max_wall_s,plan_length,oracle_plan_length,matches_oracle_length
3-dim-visitall-CLOSE-g1,3,CLOSE,g1,p0,folplan_astar,solved,3,3,3,0.002966,0.002674,0.004305,3,3,true
3-dim-visitall-CLOSE-g1,3,CLOSE,g1,p0,powerlifted,solved,3,3,3,0.114387,0.113956,0.115289,3,3,true
3-dim-visitall-CLOSE-g1,3,CLOSE,g1,p0,tyr,solved,3,3,3,0.020336,0.019893,0.020820,3,3,true
3-dim-visitall-CLOSE-g1,3,CLOSE,g1,p5,folplan_astar,solved,3,3,3,0.003055,0.002926,0.003262,3,3,true
3-dim-visitall-CLOSE-g1,3,CLOSE,g1,p5,powerlifted,solved,3,3,3,0.122658,0.122346,0.124072,3,3,true
3-dim-visitall-CLOSE-g1,3,CLOSE,g1,p5,tyr,solved,3,3,3,0.024237,0.024138,0.024773,3,3,true
3-dim-visitall-CLOSE-g1,3,CLOSE,g1,p9,folplan_astar,solved,3,3,3,0.003501,0.002880,0.003679,11,11,true
3-dim-visitall-CLOSE-g1,3,CLOSE,g1,p9,powerlifted,solved,3,3,3,0.144474,0.130828,0.175117,11,11,true
3-dim-visitall-CLOSE-g1,3,CLOSE,g1,p9,tyr,solved,3,3,3,0.046571,0.045321,0.047754,11,11,true
3-dim-visitall-CLOSE-g2,3,CLOSE,g2,p0,folplan_astar,solved,3,3,3,0.002877,0.002761,0.003646,5,5,true
3-dim-visitall-CLOSE-g2,3,CLOSE,g2,p0,powerlifted,solved,3,3,3,0.124523,0.112944,0.137156,5,5,true
3-dim-visitall-CLOSE-g2,3,CLOSE,g2,p0,tyr,solved,3,3,3,0.023128,0.022472,0.023147,5,5,true
3-dim-visitall-CLOSE-g2,3,CLOSE,g2,p5,folplan_astar,solved,3,3,3,0.003031,0.002893,0.004271,12,12,true
3-dim-visitall-CLOSE-g2,3,CLOSE,g2,p5,powerlifted,solved,3,3,3,0.142116,0.142080,0.148137,12,12,true
3-dim-visitall-CLOSE-g2,3,CLOSE,g2,p5,tyr,solved,3,3,3,0.041245,0.040084,0.042006,12,12,true
3-dim-visitall-CLOSE-g2,3,CLOSE,g2,p9,folplan_astar,solved,3,3,3,0.003837,0.003296,0.004054,30,30,true
3-dim-visitall-CLOSE-g2,3,CLOSE,g2,p9,powerlifted,solved,3,3,3,2.595255,2.587869,2.740204,30,30,true
3-dim-visitall-CLOSE-g2,3,CLOSE,g2,p9,tyr,solved,3,3,3,0.626288,0.606027,0.666734,30,30,true
3-dim-visitall-CLOSE-g3,3,CLOSE,g3,p0,folplan_astar,solved,3,3,3,0.003162,0.002884,0.003583,7,7,true
3-dim-visitall-CLOSE-g3,3,CLOSE,g3,p0,powerlifted,solved,3,3,3,0.116021,0.114406,0.128897,7,7,true
3-dim-visitall-CLOSE-g3,3,CLOSE,g3,p0,tyr,solved,3,3,3,0.028872,0.028070,0.030747,9,7,false
3-dim-visitall-CLOSE-g3,3,CLOSE,g3,p5,folplan_astar,solved,3,3,3,0.004295,0.003731,0.004499,13,13,true
3-dim-visitall-CLOSE-g3,3,CLOSE,g3,p5,powerlifted,solved,3,3,3,0.178783,0.172092,0.180954,17,13,false
3-dim-visitall-CLOSE-g3,3,CLOSE,g3,p5,tyr,solved,3,3,3,0.078935,0.078730,0.080130,17,13,false
3-dim-visitall-CLOSE-g3,3,CLOSE,g3,p9,folplan_astar,solved,3,3,3,0.003545,0.003490,0.004581,31,31,true
3-dim-visitall-CLOSE-g3,3,CLOSE,g3,p9,powerlifted,solved,3,3,3,4.792948,4.734423,4.902070,37,31,false
3-dim-visitall-CLOSE-g3,3,CLOSE,g3,p9,tyr,solved,3,3,3,0.376397,0.366523,0.411319,35,31,false
3-dim-visitall-FAR-g1,3,FAR,g1,p0,folplan_astar,solved,3,3,3,0.003421,0.002698,0.004038,15,15,true
3-dim-visitall-FAR-g1,3,FAR,g1,p0,powerlifted,solved,3,3,3,0.126864,0.123977,0.129129,15,15,true
3-dim-visitall-FAR-g1,3,FAR,g1,p0,tyr,solved,3,3,3,0.043693,0.043449,0.043837,15,15,true
3-dim-visitall-FAR-g1,3,FAR,g1,p5,folplan_astar,solved,3,3,3,0.005794,0.005233,0.005929,97,97,true
3-dim-visitall-FAR-g1,3,FAR,g1,p5,powerlifted,timeout,0,1,3,,,,,97,
3-dim-visitall-FAR-g1,3,FAR,g1,p5,tyr,timeout,0,1,3,,,,,97,
3-dim-visitall-FAR-g1,3,FAR,g1,p9,folplan_astar,solved,3,3,3,0.008153,0.007821,0.009603,169,169,true
3-dim-visitall-FAR-g1,3,FAR,g1,p9,powerlifted,memory_limit,0,1,3,,,,,169,
3-dim-visitall-FAR-g1,3,FAR,g1,p9,tyr,timeout,0,1,3,,,,,169,
3-dim-visitall-FAR-g2,3,FAR,g2,p0,folplan_astar,solved,3,3,3,0.002821,0.002757,0.003583,15,15,true
3-dim-visitall-FAR-g2,3,FAR,g2,p0,powerlifted,solved,3,3,3,0.129867,0.128629,0.129889,15,15,true
3-dim-visitall-FAR-g2,3,FAR,g2,p0,tyr,solved,3,3,3,0.045563,0.044024,0.050117,15,15,true
3-dim-visitall-FAR-g2,3,FAR,g2,p5,folplan_astar,solved,3,3,3,0.005610,0.005327,0.006029,105,105,true
3-dim-visitall-FAR-g2,3,FAR,g2,p5,powerlifted,timeout,0,1,3,,,,,105,
3-dim-visitall-FAR-g2,3,FAR,g2,p5,tyr,timeout,0,1,3,,,,,105,
3-dim-visitall-FAR-g2,3,FAR,g2,p9,folplan_astar,solved,3,3,3,0.008435,0.007817,0.009196,180,180,true
3-dim-visitall-FAR-g2,3,FAR,g2,p9,powerlifted,memory_limit,0,1,3,,,,,180,
3-dim-visitall-FAR-g2,3,FAR,g2,p9,tyr,timeout,0,1,3,,,,,180,
3-dim-visitall-FAR-g3,3,FAR,g3,p0,folplan_astar,solved,3,3,3,0.002889,0.002270,0.003973,17,17,true
3-dim-visitall-FAR-g3,3,FAR,g3,p0,powerlifted,solved,3,3,3,0.137834,0.127634,0.138093,17,17,true
3-dim-visitall-FAR-g3,3,FAR,g3,p0,tyr,solved,3,3,3,0.047290,0.045750,0.048543,17,17,true
3-dim-visitall-FAR-g3,3,FAR,g3,p5,folplan_astar,solved,3,3,3,0.005598,0.005351,0.006487,110,110,true
3-dim-visitall-FAR-g3,3,FAR,g3,p5,powerlifted,timeout,0,1,3,,,,,110,
3-dim-visitall-FAR-g3,3,FAR,g3,p5,tyr,timeout,0,1,3,,,,,110,
3-dim-visitall-FAR-g3,3,FAR,g3,p9,folplan_astar,solved,3,3,3,0.008334,0.008253,0.008696,178,178,true
3-dim-visitall-FAR-g3,3,FAR,g3,p9,powerlifted,memory_limit,0,1,3,,,,,178,
3-dim-visitall-FAR-g3,3,FAR,g3,p9,tyr,timeout,0,1,3,,,,,178,
4-dim-visitall-CLOSE-g1,4,CLOSE,g1,p0,folplan_astar,solved,3,3,3,0.003072,0.002666,0.003719,4,4,true
4-dim-visitall-CLOSE-g1,4,CLOSE,g1,p0,powerlifted,solved,3,3,3,0.116066,0.115878,0.127234,4,4,true
4-dim-visitall-CLOSE-g1,4,CLOSE,g1,p0,tyr,solved,3,3,3,0.022248,0.021115,0.024062,4,4,true
4-dim-visitall-CLOSE-g1,4,CLOSE,g1,p5,folplan_astar,solved,3,3,3,0.003275,0.003135,0.003753,3,3,true
4-dim-visitall-CLOSE-g1,4,CLOSE,g1,p5,powerlifted,solved,3,3,3,0.121668,0.117470,0.123265,3,3,true
4-dim-visitall-CLOSE-g1,4,CLOSE,g1,p5,tyr,solved,3,3,3,0.023141,0.021881,0.023778,3,3,true
4-dim-visitall-CLOSE-g1,4,CLOSE,g1,p9,folplan_astar,solved,3,3,3,0.003531,0.003492,0.003601,16,16,true
4-dim-visitall-CLOSE-g1,4,CLOSE,g1,p9,powerlifted,solved,3,3,3,0.525323,0.519992,0.571194,16,16,true
4-dim-visitall-CLOSE-g1,4,CLOSE,g1,p9,tyr,solved,3,3,3,0.576611,0.567414,0.578942,16,16,true
4-dim-visitall-CLOSE-g2,4,CLOSE,g2,p0,folplan_astar,solved,3,3,3,0.003220,0.002952,0.003664,6,6,true
4-dim-visitall-CLOSE-g2,4,CLOSE,g2,p0,powerlifted,solved,3,3,3,0.135244,0.122878,0.139350,6,6,true
4-dim-visitall-CLOSE-g2,4,CLOSE,g2,p0,tyr,solved,3,3,3,0.026147,0.024655,0.027495,6,6,true
4-dim-visitall-CLOSE-g2,4,CLOSE,g2,p5,folplan_astar,solved,3,3,3,0.003758,0.002979,0.004024,11,11,true
4-dim-visitall-CLOSE-g2,4,CLOSE,g2,p5,powerlifted,solved,3,3,3,0.328856,0.322854,0.336602,11,11,true
4-dim-visitall-CLOSE-g2,4,CLOSE,g2,p5,tyr,solved,3,3,3,0.052106,0.051633,0.059383,11,11,true
4-dim-visitall-CLOSE-g2,4,CLOSE,g2,p9,folplan_astar,solved,3,3,3,0.004375,0.004195,0.004647,22,22,true
4-dim-visitall-CLOSE-g2,4,CLOSE,g2,p9,powerlifted,solved,3,3,3,3.231118,3.187154,3.338821,22,22,true
4-dim-visitall-CLOSE-g2,4,CLOSE,g2,p9,tyr,solved,3,3,3,4.100237,4.097137,4.104531,22,22,true
4-dim-visitall-CLOSE-g3,4,CLOSE,g3,p0,folplan_astar,solved,3,3,3,0.003085,0.002648,0.004033,10,10,true
4-dim-visitall-CLOSE-g3,4,CLOSE,g3,p0,powerlifted,solved,3,3,3,0.179245,0.170934,0.232456,10,10,true
4-dim-visitall-CLOSE-g3,4,CLOSE,g3,p0,tyr,solved,3,3,3,0.059146,0.058934,0.059499,10,10,true
4-dim-visitall-CLOSE-g3,4,CLOSE,g3,p5,folplan_astar,solved,3,3,3,0.003463,0.002846,0.003613,20,20,true
4-dim-visitall-CLOSE-g3,4,CLOSE,g3,p5,powerlifted,solved,3,3,3,4.937497,4.891437,5.002650,20,20,true
4-dim-visitall-CLOSE-g3,4,CLOSE,g3,p5,tyr,solved,3,3,3,0.378837,0.343831,0.406435,20,20,true
4-dim-visitall-CLOSE-g3,4,CLOSE,g3,p9,folplan_astar,solved,3,3,3,0.003088,0.002803,0.003089,11,11,true
4-dim-visitall-CLOSE-g3,4,CLOSE,g3,p9,powerlifted,solved,3,3,3,0.271488,0.271103,0.274243,11,11,true
4-dim-visitall-CLOSE-g3,4,CLOSE,g3,p9,tyr,solved,3,3,3,0.062829,0.060375,0.070472,13,11,false
4-dim-visitall-FAR-g1,4,FAR,g1,p0,folplan_astar,solved,3,3,3,0.002713,0.002594,0.003881,19,19,true
4-dim-visitall-FAR-g1,4,FAR,g1,p0,powerlifted,solved,3,3,3,0.274564,0.270381,0.333655,19,19,true
4-dim-visitall-FAR-g1,4,FAR,g1,p0,tyr,solved,3,3,3,0.211708,0.204486,0.213437,19,19,true
4-dim-visitall-FAR-g1,4,FAR,g1,p5,folplan_astar,solved,3,3,3,0.005408,0.004632,0.005500,91,91,true
4-dim-visitall-FAR-g1,4,FAR,g1,p5,powerlifted,memory_limit,0,1,3,,,,,91,
4-dim-visitall-FAR-g1,4,FAR,g1,p5,tyr,timeout,0,1,3,,,,,91,
4-dim-visitall-FAR-g1,4,FAR,g1,p9,folplan_astar,solved,3,3,3,0.006271,0.005768,0.008676,134,134,true
4-dim-visitall-FAR-g1,4,FAR,g1,p9,powerlifted,memory_limit,0,1,3,,,,,134,
4-dim-visitall-FAR-g1,4,FAR,g1,p9,tyr,timeout,0,1,3,,,,,134,
4-dim-visitall-FAR-g2,4,FAR,g2,p0,folplan_astar,solved,3,3,3,0.003320,0.002923,0.003637,21,21,true
4-dim-visitall-FAR-g2,4,FAR,g2,p0,powerlifted,solved,3,3,3,0.376469,0.368505,0.440369,21,21,true
4-dim-visitall-FAR-g2,4,FAR,g2,p0,tyr,solved,3,3,3,0.240576,0.239989,0.243652,21,21,true
4-dim-visitall-FAR-g2,4,FAR,g2,p5,folplan_astar,solved,3,3,3,0.005470,0.005065,0.005986,95,95,true
4-dim-visitall-FAR-g2,4,FAR,g2,p5,powerlifted,memory_limit,0,1,3,,,,,95,
4-dim-visitall-FAR-g2,4,FAR,g2,p5,tyr,timeout,0,1,3,,,,,95,
4-dim-visitall-FAR-g2,4,FAR,g2,p9,folplan_astar,solved,3,3,3,0.008528,0.007959,0.009167,181,181,true
4-dim-visitall-FAR-g2,4,FAR,g2,p9,powerlifted,memory_limit,0,1,3,,,,,181,
4-dim-visitall-FAR-g2,4,FAR,g2,p9,tyr,timeout,0,1,3,,,,,181,
4-dim-visitall-FAR-g3,4,FAR,g3,p0,folplan_astar,solved,3,3,3,0.003004,0.002757,0.003403,23,23,true
4-dim-visitall-FAR-g3,4,FAR,g3,p0,powerlifted,solved,3,3,3,0.426927,0.425248,0.432200,23,23,true
4-dim-visitall-FAR-g3,4,FAR,g3,p0,tyr,solved,3,3,3,0.227870,0.227758,0.239584,23,23,true
4-dim-visitall-FAR-g3,4,FAR,g3,p5,folplan_astar,solved,3,3,3,0.005935,0.005459,0.006998,103,103,true
4-dim-visitall-FAR-g3,4,FAR,g3,p5,powerlifted,memory_limit,0,1,3,,,,,103,
4-dim-visitall-FAR-g3,4,FAR,g3,p5,tyr,timeout,0,1,3,,,,,103,
4-dim-visitall-FAR-g3,4,FAR,g3,p9,folplan_astar,solved,3,3,3,0.008927,0.007910,0.010523,173,173,true
4-dim-visitall-FAR-g3,4,FAR,g3,p9,powerlifted,memory_limit,0,1,3,,,,,173,
4-dim-visitall-FAR-g3,4,FAR,g3,p9,tyr,timeout,0,1,3,,,,,173,
5-dim-visitall-CLOSE-g1,5,CLOSE,g1,p0,folplan_astar,solved,3,3,3,0.003999,0.002928,0.004241,4,4,true
5-dim-visitall-CLOSE-g1,5,CLOSE,g1,p0,powerlifted,solved,3,3,3,0.140455,0.125991,0.150909,4,4,true
5-dim-visitall-CLOSE-g1,5,CLOSE,g1,p0,tyr,solved,3,3,3,0.027638,0.025626,0.027828,4,4,true
5-dim-visitall-CLOSE-g1,5,CLOSE,g1,p5,folplan_astar,solved,3,3,3,0.003072,0.002848,0.003916,3,3,true
5-dim-visitall-CLOSE-g1,5,CLOSE,g1,p5,powerlifted,solved,3,3,3,0.123490,0.121934,0.130184,3,3,true
5-dim-visitall-CLOSE-g1,5,CLOSE,g1,p5,tyr,solved,3,3,3,0.025426,0.025380,0.025837,3,3,true
5-dim-visitall-CLOSE-g1,5,CLOSE,g1,p9,folplan_astar,solved,3,3,3,0.003605,0.003354,0.004374,13,13,true
5-dim-visitall-CLOSE-g1,5,CLOSE,g1,p9,powerlifted,solved,3,3,3,1.925591,1.877041,1.927869,13,13,true
5-dim-visitall-CLOSE-g1,5,CLOSE,g1,p9,tyr,solved,3,3,3,1.444682,1.434518,1.449113,13,13,true
5-dim-visitall-CLOSE-g2,5,CLOSE,g2,p0,folplan_astar,solved,3,3,3,0.004207,0.003045,0.004240,6,6,true
5-dim-visitall-CLOSE-g2,5,CLOSE,g2,p0,powerlifted,solved,3,3,3,0.275188,0.273379,0.278531,6,6,true
5-dim-visitall-CLOSE-g2,5,CLOSE,g2,p0,tyr,solved,3,3,3,0.034860,0.033836,0.035142,6,6,true
5-dim-visitall-CLOSE-g2,5,CLOSE,g2,p5,folplan_astar,solved,3,3,3,0.002933,0.002616,0.003930,17,17,true
5-dim-visitall-CLOSE-g2,5,CLOSE,g2,p5,powerlifted,solved,3,3,3,13.467451,13.413219,13.621070,17,17,true
5-dim-visitall-CLOSE-g2,5,CLOSE,g2,p5,tyr,solved,3,3,3,1.824420,1.802493,1.872936,17,17,true
5-dim-visitall-CLOSE-g2,5,CLOSE,g2,p9,folplan_astar,solved,3,3,3,0.003662,0.003267,0.004227,13,13,true
5-dim-visitall-CLOSE-g2,5,CLOSE,g2,p9,powerlifted,solved,3,3,3,1.931423,1.876480,1.931989,13,13,true
5-dim-visitall-CLOSE-g2,5,CLOSE,g2,p9,tyr,solved,3,3,3,0.459838,0.450423,0.462465,13,13,true
5-dim-visitall-CLOSE-g3,5,CLOSE,g3,p0,folplan_astar,solved,3,3,3,0.003526,0.003519,0.003922,10,10,true
5-dim-visitall-CLOSE-g3,5,CLOSE,g3,p0,powerlifted,solved,3,3,3,0.928325,0.923273,0.982852,10,10,true
5-dim-visitall-CLOSE-g3,5,CLOSE,g3,p0,tyr,solved,3,3,3,0.058760,0.056815,0.059154,10,10,true
5-dim-visitall-CLOSE-g3,5,CLOSE,g3,p5,folplan_astar,solved,3,3,3,0.003717,0.002878,0.005748,24,24,true
5-dim-visitall-CLOSE-g3,5,CLOSE,g3,p5,powerlifted,memory_limit,0,1,3,,,,,24,
5-dim-visitall-CLOSE-g3,5,CLOSE,g3,p5,tyr,timeout,0,1,3,,,,,24,
5-dim-visitall-CLOSE-g3,5,CLOSE,g3,p9,folplan_astar,solved,3,3,3,0.003986,0.003018,0.004549,9,9,true
5-dim-visitall-CLOSE-g3,5,CLOSE,g3,p9,powerlifted,solved,3,3,3,0.627736,0.625427,0.629153,9,9,true
5-dim-visitall-CLOSE-g3,5,CLOSE,g3,p9,tyr,solved,3,3,3,0.049884,0.049151,0.051759,9,9,true
5-dim-visitall-FAR-g1,5,FAR,g1,p0,folplan_astar,solved,3,3,3,0.003922,0.003112,0.003999,24,24,true
5-dim-visitall-FAR-g1,5,FAR,g1,p0,powerlifted,solved,3,3,3,4.705655,4.683409,4.736995,24,24,true
5-dim-visitall-FAR-g1,5,FAR,g1,p0,tyr,solved,3,3,3,2.348128,2.342152,2.429626,24,24,true
5-dim-visitall-FAR-g1,5,FAR,g1,p5,folplan_astar,solved,3,3,3,0.003980,0.003563,0.005457,65,65,true
5-dim-visitall-FAR-g1,5,FAR,g1,p5,powerlifted,memory_limit,0,1,3,,,,,65,
5-dim-visitall-FAR-g1,5,FAR,g1,p5,tyr,timeout,0,1,3,,,,,65,
5-dim-visitall-FAR-g1,5,FAR,g1,p9,folplan_astar,solved,3,3,3,0.004685,0.004423,0.005289,91,91,true
5-dim-visitall-FAR-g1,5,FAR,g1,p9,powerlifted,memory_limit,0,1,3,,,,,91,
5-dim-visitall-FAR-g1,5,FAR,g1,p9,tyr,timeout,0,1,3,,,,,91,
5-dim-visitall-FAR-g2,5,FAR,g2,p0,folplan_astar,solved,3,3,3,0.003856,0.003613,0.003859,26,26,true
5-dim-visitall-FAR-g2,5,FAR,g2,p0,powerlifted,solved,3,3,3,8.257000,8.060026,8.346396,28,26,false
5-dim-visitall-FAR-g2,5,FAR,g2,p0,tyr,solved,3,3,3,2.675546,2.636094,2.761864,26,26,true
5-dim-visitall-FAR-g2,5,FAR,g2,p5,folplan_astar,solved,3,3,3,0.004765,0.004135,0.004847,78,78,true
5-dim-visitall-FAR-g2,5,FAR,g2,p5,powerlifted,memory_limit,0,1,3,,,,,78,
5-dim-visitall-FAR-g2,5,FAR,g2,p5,tyr,timeout,0,1,3,,,,,78,
5-dim-visitall-FAR-g2,5,FAR,g2,p9,folplan_astar,solved,3,3,3,0.005612,0.005037,0.007308,113,113,true
5-dim-visitall-FAR-g2,5,FAR,g2,p9,powerlifted,memory_limit,0,1,3,,,,,113,
5-dim-visitall-FAR-g2,5,FAR,g2,p9,tyr,timeout,0,1,3,,,,,113,
5-dim-visitall-FAR-g3,5,FAR,g3,p0,folplan_astar,solved,3,3,3,0.003495,0.002907,0.003886,28,28,true
5-dim-visitall-FAR-g3,5,FAR,g3,p0,powerlifted,solved,3,3,3,9.150086,9.147460,9.196143,30,28,false
5-dim-visitall-FAR-g3,5,FAR,g3,p0,tyr,solved,3,3,3,2.512551,2.509913,2.525138,28,28,true
5-dim-visitall-FAR-g3,5,FAR,g3,p5,folplan_astar,solved,3,3,3,0.005348,0.005155,0.005364,79,79,true
5-dim-visitall-FAR-g3,5,FAR,g3,p5,powerlifted,memory_limit,0,1,3,,,,,79,
5-dim-visitall-FAR-g3,5,FAR,g3,p5,tyr,timeout,0,1,3,,,,,79,
5-dim-visitall-FAR-g3,5,FAR,g3,p9,folplan_astar,solved,3,3,3,0.005380,0.004860,0.006071,113,113,true
5-dim-visitall-FAR-g3,5,FAR,g3,p9,powerlifted,memory_limit,0,1,3,,,,,113,
5-dim-visitall-FAR-g3,5,FAR,g3,p9,tyr,timeout,0,1,3,,,,,113,
