instance,objects,solver,outcome,successful_runs,attempted_runs,requested_runs,median_wall_s,min_wall_s,max_wall_s,median_expanded,median_internal_search_s,plan_length
p0,6,folplan_astar,solved,5,5,5,0.011431,0.010574,0.014422,52,,4
p0,6,folplan_bfs,solved,5,5,5,0.069238,0.064124,0.078348,320,,4
p0,6,powerlifted,solved,5,5,5,0.126393,0.119118,0.161040,4,0.004511,4
p1,8,folplan_astar,solved,5,5,5,0.005443,0.004309,0.006096,12,,3
p1,8,folplan_bfs,solved,5,5,5,0.015976,0.015120,0.017060,66,,3
p1,8,powerlifted,solved,5,5,5,0.124805,0.123054,0.131039,3,0.002046,3
p2,10,folplan_astar,solved,5,5,5,0.074562,0.071362,0.076679,269,,5
p2,10,folplan_bfs,solved,5,5,5,0.495000,0.484398,0.549639,1731,,5
p2,10,powerlifted,solved,5,5,5,0.145948,0.141170,0.166511,5,0.016067,5
p3,12,folplan_astar,solved,5,5,5,0.631447,0.612786,0.651147,2009,,6
p3,12,folplan_bfs,memory_limit,0,1,5,,,,,,
p3,12,powerlifted,solved,5,5,5,0.146386,0.139464,0.180940,6,0.020003,6
p4,14,folplan_astar,solved,5,5,5,0.239045,0.228858,0.249789,677,,5
p4,14,folplan_bfs,solved,5,5,5,1.717960,1.703143,1.752752,4550,,5
p4,14,powerlifted,solved,5,5,5,0.131581,0.126915,0.136403,5,0.008250,5
p5,16,folplan_astar,solved,5,5,5,0.011520,0.009977,0.013028,30,,3
p5,16,folplan_bfs,solved,5,5,5,0.066799,0.061967,0.073201,181,,3
p5,16,powerlifted,solved,5,5,5,0.126199,0.121563,0.135028,3,0.002952,3
p8,22,folplan_astar,solved,5,5,5,0.007264,0.006360,0.007560,13,,3
p8,22,folplan_bfs,solved,5,5,5,0.032252,0.028959,0.034016,74,,3
p8,22,powerlifted,solved,5,5,5,0.127334,0.120525,0.133643,3,0.002499,3
p9,24,folplan_astar,memory_limit,0,1,5,,,,,,
p9,24,folplan_bfs,memory_limit,0,1,5,,,,,,
p9,24,powerlifted,solved,5,5,5,2.006686,1.932997,2.045546,13,1.827550,13
