problem,objects,solver,run,status,wall_s,plan_length,expanded,internal_search_s,exit_code
0,6,folplan_bfs,1,solved,0.078348,4,320,,0
0,6,powerlifted,1,solved,0.16104,4,4,0.004424,0
0,6,folplan_astar,1,solved,0.010574,4,52,,0
0,6,powerlifted,2,solved,0.126153,4,4,0.004214,0
0,6,folplan_astar,2,solved,0.010881,4,52,,0
0,6,folplan_bfs,2,solved,0.064124,4,320,,0
0,6,folplan_astar,3,solved,0.014422,4,52,,0
0,6,folplan_bfs,3,solved,0.069238,4,320,,0
0,6,powerlifted,3,solved,0.126393,4,4,0.004529,0
0,6,folplan_bfs,4,solved,0.066493,4,320,,0
0,6,powerlifted,4,solved,0.128777,4,4,0.005622,0
0,6,folplan_astar,4,solved,0.011431,4,52,,0
0,6,powerlifted,5,solved,0.119118,4,4,0.004511,0
0,6,folplan_astar,5,solved,0.012132,4,52,,0
0,6,folplan_bfs,5,solved,0.074694,4,320,,0
1,8,powerlifted,1,solved,0.124805,3,3,0.002011,0
1,8,folplan_astar,1,solved,0.004631,3,12,,0
1,8,folplan_bfs,1,solved,0.01607,3,66,,0
1,8,folplan_astar,2,solved,0.005639,3,12,,0
1,8,folplan_bfs,2,solved,0.01706,3,66,,0
1,8,powerlifted,2,solved,0.123054,3,3,0.002297,0
1,8,folplan_bfs,3,solved,0.0153,3,66,,0
1,8,powerlifted,3,solved,0.126127,3,3,0.002046,0
1,8,folplan_astar,3,solved,0.005443,3,12,,0
1,8,powerlifted,4,solved,0.123605,3,3,0.002076,0
1,8,folplan_astar,4,solved,0.004309,3,12,,0
1,8,folplan_bfs,4,solved,0.015976,3,66,,0
1,8,folplan_astar,5,solved,0.006096,3,12,,0
1,8,folplan_bfs,5,solved,0.01512,3,66,,0
1,8,powerlifted,5,solved,0.131039,3,3,0.002006,0
2,10,folplan_astar,1,solved,0.076679,5,269,,0
2,10,folplan_bfs,1,solved,0.498233,5,1731,,0
2,10,powerlifted,1,solved,0.145709,5,5,0.016555,0
2,10,folplan_bfs,2,solved,0.549639,5,1731,,0
2,10,powerlifted,2,solved,0.145948,5,5,0.015507,0
2,10,folplan_astar,2,solved,0.07545,5,269,,0
2,10,powerlifted,3,solved,0.146487,5,5,0.016461,0
2,10,folplan_astar,3,solved,0.074562,5,269,,0
2,10,folplan_bfs,3,solved,0.495,5,1731,,0
2,10,folplan_astar,4,solved,0.071517,5,269,,0
2,10,folplan_bfs,4,solved,0.484398,5,1731,,0
2,10,powerlifted,4,solved,0.14117,5,5,0.016067,0
2,10,folplan_bfs,5,solved,0.48727,5,1731,,0
2,10,powerlifted,5,solved,0.166511,5,5,0.013991,0
2,10,folplan_astar,5,solved,0.071362,5,269,,0
3,12,folplan_bfs,1,memory_limit,1.871575,,,,-6
3,12,powerlifted,1,solved,0.18094,6,6,0.023071,0
3,12,folplan_astar,1,solved,0.651147,6,2009,,0
3,12,powerlifted,2,solved,0.146386,6,6,0.017707,0
3,12,folplan_astar,2,solved,0.637233,6,2009,,0
3,12,folplan_astar,3,solved,0.631447,6,2009,,0
3,12,powerlifted,3,solved,0.144901,6,6,0.020003,0
3,12,powerlifted,4,solved,0.139464,6,6,0.022099,0
3,12,folplan_astar,4,solved,0.612786,6,2009,,0
3,12,powerlifted,5,solved,0.153585,6,6,0.019739,0
3,12,folplan_astar,5,solved,0.626995,6,2009,,0
4,14,powerlifted,1,solved,0.131581,5,5,0.008287,0
4,14,folplan_astar,1,solved,0.239045,5,677,,0
4,14,folplan_bfs,1,solved,1.71796,5,4550,,0
4,14,folplan_astar,2,solved,0.228858,5,677,,0
4,14,folplan_bfs,2,solved,1.742567,5,4550,,0
4,14,powerlifted,2,solved,0.130119,5,5,0.00825,0
4,14,folplan_bfs,3,solved,1.703143,5,4550,,0
4,14,powerlifted,3,solved,0.136403,5,5,0.007104,0
4,14,folplan_astar,3,solved,0.232743,5,677,,0
4,14,powerlifted,4,solved,0.126915,5,5,0.00753,0
4,14,folplan_astar,4,solved,0.241142,5,677,,0
4,14,folplan_bfs,4,solved,1.752752,5,4550,,0
4,14,folplan_astar,5,solved,0.249789,5,677,,0
4,14,folplan_bfs,5,solved,1.716464,5,4550,,0
4,14,powerlifted,5,solved,0.132675,5,5,0.008762,0
5,16,folplan_astar,1,solved,0.009977,3,30,,0
5,16,folplan_bfs,1,solved,0.066799,3,181,,0
5,16,powerlifted,1,solved,0.121563,3,3,0.002952,0
5,16,folplan_bfs,2,solved,0.067019,3,181,,0
5,16,powerlifted,2,solved,0.133212,3,3,0.002661,0
5,16,folplan_astar,2,solved,0.013028,3,30,,0
5,16,powerlifted,3,solved,0.135028,3,3,0.003161,0
5,16,folplan_astar,3,solved,0.01152,3,30,,0
5,16,folplan_bfs,3,solved,0.061967,3,181,,0
5,16,folplan_astar,4,solved,0.010753,3,30,,0
5,16,folplan_bfs,4,solved,0.06421,3,181,,0
5,16,powerlifted,4,solved,0.124295,3,3,0.003051,0
5,16,folplan_bfs,5,solved,0.073201,3,181,,0
5,16,powerlifted,5,solved,0.126199,3,3,0.002193,0
5,16,folplan_astar,5,solved,0.012593,3,30,,0
8,22,folplan_astar,1,solved,0.007264,3,13,,0
8,22,folplan_bfs,1,solved,0.032702,3,74,,0
8,22,powerlifted,1,solved,0.127617,3,3,0.002771,0
8,22,folplan_bfs,2,solved,0.032252,3,74,,0
8,22,powerlifted,2,solved,0.133643,3,3,0.002614,0
8,22,folplan_astar,2,solved,0.00756,3,13,,0
8,22,powerlifted,3,solved,0.120525,3,3,0.002499,0
8,22,folplan_astar,3,solved,0.00636,3,13,,0
8,22,folplan_bfs,3,solved,0.032208,3,74,,0
8,22,folplan_astar,4,solved,0.007473,3,13,,0
8,22,folplan_bfs,4,solved,0.034016,3,74,,0
8,22,powerlifted,4,solved,0.127334,3,3,0.002142,0
8,22,folplan_bfs,5,solved,0.028959,3,74,,0
8,22,powerlifted,5,solved,0.123756,3,3,0.002252,0
8,22,folplan_astar,5,solved,0.007107,3,13,,0
9,24,folplan_bfs,1,memory_limit,1.616981,,,,-6
9,24,powerlifted,1,solved,1.932997,13,13,1.78799,0
9,24,folplan_astar,1,memory_limit,1.589565,,,,-6
9,24,powerlifted,2,solved,2.045546,13,13,1.88487,0
9,24,powerlifted,3,solved,2.03858,13,13,1.86121,0
9,24,powerlifted,4,solved,2.006686,13,13,1.81421,0
9,24,powerlifted,5,solved,1.988386,13,13,1.82755,0
