problem,solver,run,status,wall_s,plan_length,exit_code,command
0,tyr_gbfs_rpg_ff_1core,1,solved,0.028317,4,0,/tmp/tyr/build2/exe/gbfs_lazy -D /tmp/htg_family_agent/corpus/visitall-multidimensional/5-dim-visitall-CLOSE-g1/domain.pddl -P /tmp/htg_family_agent/corpus/visitall-multidimensional/5-dim-visitall-CLOSE-g1/p0.pddl -O /tmp/tyr-visitall-results/tyr-p0-r1.plan -N 1 -M 1 -H rpg_ff --heuristic-cost-type unit --search-cost-type unit -V 0
1,tyr_gbfs_rpg_ff_1core,1,solved,0.027776,3,0,/tmp/tyr/build2/exe/gbfs_lazy -D /tmp/htg_family_agent/corpus/visitall-multidimensional/5-dim-visitall-CLOSE-g1/domain.pddl -P /tmp/htg_family_agent/corpus/visitall-multidimensional/5-dim-visitall-CLOSE-g1/p1.pddl -O /tmp/tyr-visitall-results/tyr-p1-r1.plan -N 1 -M 1 -H rpg_ff --heuristic-cost-type unit --search-cost-type unit -V 0
2,tyr_gbfs_rpg_ff_1core,1,solved,0.035138,5,0,/tmp/tyr/build2/exe/gbfs_lazy -D /tmp/htg_family_agent/corpus/visitall-multidimensional/5-dim-visitall-CLOSE-g1/domain.pddl -P /tmp/htg_family_agent/corpus/visitall-multidimensional/5-dim-visitall-CLOSE-g1/p2.pddl -O /tmp/tyr-visitall-results/tyr-p2-r1.plan -N 1 -M 1 -H rpg_ff --heuristic-cost-type unit --search-cost-type unit -V 0
3,tyr_gbfs_rpg_ff_1core,1,solved,0.052449,6,0,/tmp/tyr/build2/exe/gbfs_lazy -D /tmp/htg_family_agent/corpus/visitall-multidimensional/5-dim-visitall-CLOSE-g1/domain.pddl -P /tmp/htg_family_agent/corpus/visitall-multidimensional/5-dim-visitall-CLOSE-g1/p3.pddl -O /tmp/tyr-visitall-results/tyr-p3-r1.plan -N 1 -M 1 -H rpg_ff --heuristic-cost-type unit --search-cost-type unit -V 0
4,tyr_gbfs_rpg_ff_1core,1,solved,0.038654,5,0,/tmp/tyr/build2/exe/gbfs_lazy -D /tmp/htg_family_agent/corpus/visitall-multidimensional/5-dim-visitall-CLOSE-g1/domain.pddl -P /tmp/htg_family_agent/corpus/visitall-multidimensional/5-dim-visitall-CLOSE-g1/p4.pddl -O /tmp/tyr-visitall-results/tyr-p4-r1.plan -N 1 -M 1 -H rpg_ff --heuristic-cost-type unit --search-cost-type unit -V 0
5,tyr_gbfs_rpg_ff_1core,1,solved,0.027311,3,0,/tmp/tyr/build2/exe/gbfs_lazy -D /tmp/htg_family_agent/corpus/visitall-multidimensional/5-dim-visitall-CLOSE-g1/domain.pddl -P /tmp/htg_family_agent/corpus/visitall-multidimensional/5-dim-visitall-CLOSE-g1/p5.pddl -O /tmp/tyr-visitall-results/tyr-p5-r1.plan -N 1 -M 1 -H rpg_ff --heuristic-cost-type unit --search-cost-type unit -V 0
8,tyr_gbfs_rpg_ff_1core,1,solved,0.028394,3,0,/tmp/tyr/build2/exe/gbfs_lazy -D /tmp/htg_family_agent/corpus/visitall-multidimensional/5-dim-visitall-CLOSE-g1/domain.pddl -P /tmp/htg_family_agent/corpus/visitall-multidimensional/5-dim-visitall-CLOSE-g1/p8.pddl -O /tmp/tyr-visitall-results/tyr-p8-r1.plan -N 1 -M 1 -H rpg_ff --heuristic-cost-type unit --search-cost-type unit -V 0
9,tyr_gbfs_rpg_ff_1core,1,solved,1.547916,13,0,/tmp/tyr/build2/exe/gbfs_lazy -D /tmp/htg_family_agent/corpus/visitall-multidimensional/5-dim-visitall-CLOSE-g1/domain.pddl -P /tmp/htg_family_agent/corpus/visitall-multidimensional/5-dim-visitall-CLOSE-g1/p9.pddl -O /tmp/tyr-visitall-results/tyr-p9-r1.plan -N 1 -M 1 -H rpg_ff --heuristic-cost-type unit --search-cost-type unit -V 0
1,tyr_gbfs_rpg_ff_1core,2,solved,0.026394,3,0,/tmp/tyr/build2/exe/gbfs_lazy -D /tmp/htg_family_agent/corpus/visitall-multidimensional/5-dim-visitall-CLOSE-g1/domain.pddl -P /tmp/htg_family_agent/corpus/visitall-multidimensional/5-dim-visitall-CLOSE-g1/p1.pddl -O /tmp/tyr-visitall-results/tyr-p1-r2.plan -N 1 -M 1 -H rpg_ff --heuristic-cost-type unit --search-cost-type unit -V 0
2,tyr_gbfs_rpg_ff_1core,2,solved,0.033536,5,0,/tmp/tyr/build2/exe/gbfs_lazy -D /tmp/htg_family_agent/corpus/visitall-multidimensional/5-dim-visitall-CLOSE-g1/domain.pddl -P /tmp/htg_family_agent/corpus/visitall-multidimensional/5-dim-visitall-CLOSE-g1/p2.pddl -O /tmp/tyr-visitall-results/tyr-p2-r2.plan -N 1 -M 1 -H rpg_ff --heuristic-cost-type unit --search-cost-type unit -V 0
3,tyr_gbfs_rpg_ff_1core,2,solved,0.049236,6,0,/tmp/tyr/build2/exe/gbfs_lazy -D /tmp/htg_family_agent/corpus/visitall-multidimensional/5-dim-visitall-CLOSE-g1/domain.pddl -P /tmp/htg_family_agent/corpus/visitall-multidimensional/5-dim-visitall-CLOSE-g1/p3.pddl -O /tmp/tyr-visitall-results/tyr-p3-r2.plan -N 1 -M 1 -H rpg_ff --heuristic-cost-type unit --search-cost-type unit -V 0
4,tyr_gbfs_rpg_ff_1core,2,solved,0.033692,5,0,/tmp/tyr/build2/exe/gbfs_lazy -D /tmp/htg_family_agent/corpus/visitall-multidimensional/5-dim-visitall-CLOSE-g1/domain.pddl -P /tmp/htg_family_agent/corpus/visitall-multidimensional/5-dim-visitall-CLOSE-g1/p4.pddl -O /tmp/tyr-visitall-results/tyr-p4-r2.plan -N 1 -M 1 -H rpg_ff --heuristic-cost-type unit --search-cost-type unit -V 0
5,tyr_gbfs_rpg_ff_1core,2,solved,0.024048,3,0,/tmp/tyr/build2/exe/gbfs_lazy -D /tmp/htg_family_agent/corpus/visitall-multidimensional/5-dim-visitall-CLOSE-g1/domain.pddl -P /tmp/htg_family_agent/corpus/visitall-multidimensional/5-dim-visitall-CLOSE-g1/p5.pddl -O /tmp/tyr-visitall-results/tyr-p5-r2.plan -N 1 -M 1 -H rpg_ff --heuristic-cost-type unit --search-cost-type unit -V 0
8,tyr_gbfs_rpg_ff_1core,2,solved,0.026404,3,0,/tmp/tyr/build2/exe/gbfs_lazy -D /tmp/htg_family_agent/corpus/visitall-multidimensional/5-dim-visitall-CLOSE-g1/domain.pddl -P /tmp/htg_family_agent/corpus/visitall-multidimensional/5-dim-visitall-CLOSE-g1/p8.pddl -O /tmp/tyr-visitall-results/tyr-p8-r2.plan -N 1 -M 1 -H rpg_ff --heuristic-cost-type unit --search-cost-type unit -V 0
9,tyr_gbfs_rpg_ff_1core,2,solved,1.593558,13,0,/tmp/tyr/build2/exe/gbfs_lazy -D /tmp/htg_family_agent/corpus/visitall-multidimensional/5-dim-visitall-CLOSE-g1/domain.pddl -P /tmp/htg_family_agent/corpus/visitall-multidimensional/5-dim-visitall-CLOSE-g1/p9.pddl -O /tmp/tyr-visitall-results/tyr-p9-r2.plan -N 1 -M 1 -H rpg_ff --heuristic-cost-type unit --search-cost-type unit -V 0
0,tyr_gbfs_rpg_ff_1core,2,solved,0.028380,4,0,/tmp/tyr/build2/exe/gbfs_lazy -D /tmp/htg_family_agent/corpus/visitall-multidimensional/5-dim-visitall-CLOSE-g1/domain.pddl -P /tmp/htg_family_agent/corpus/visitall-multidimensional/5-dim-visitall-CLOSE-g1/p0.pddl -O /tmp/tyr-visitall-results/tyr-p0-r2.plan -N 1 -M 1 -H rpg_ff --heuristic-cost-type unit --search-cost-type unit -V 0
2,tyr_gbfs_rpg_ff_1core,3,solved,0.034035,5,0,/tmp/tyr/build2/exe/gbfs_lazy -D /tmp/htg_family_agent/corpus/visitall-multidimensional/5-dim-visitall-CLOSE-g1/domain.pddl -P /tmp/htg_family_agent/corpus/visitall-multidimensional/5-dim-visitall-CLOSE-g1/p2.pddl -O /tmp/tyr-visitall-results/tyr-p2-r3.plan -N 1 -M 1 -H rpg_ff --heuristic-cost-type unit --search-cost-type unit -V 0
3,tyr_gbfs_rpg_ff_1core,3,solved,0.045751,6,0,/tmp/tyr/build2/exe/gbfs_lazy -D /tmp/htg_family_agent/corpus/visitall-multidimensional/5-dim-visitall-CLOSE-g1/domain.pddl -P /tmp/htg_family_agent/corpus/visitall-multidimensional/5-dim-visitall-CLOSE-g1/p3.pddl -O /tmp/tyr-visitall-results/tyr-p3-r3.plan -N 1 -M 1 -H rpg_ff --heuristic-cost-type unit --search-cost-type unit -V 0
4,tyr_gbfs_rpg_ff_1core,3,solved,0.031554,5,0,/tmp/tyr/build2/exe/gbfs_lazy -D /tmp/htg_family_agent/corpus/visitall-multidimensional/5-dim-visitall-CLOSE-g1/domain.pddl -P /tmp/htg_family_agent/corpus/visitall-multidimensional/5-dim-visitall-CLOSE-g1/p4.pddl -O /tmp/tyr-visitall-results/tyr-p4-r3.plan -N 1 -M 1 -H rpg_ff --heuristic-cost-type unit --search-cost-type unit -V 0
5,tyr_gbfs_rpg_ff_1core,3,solved,0.023406,3,0,/tmp/tyr/build2/exe/gbfs_lazy -D /tmp/htg_family_agent/corpus/visitall-multidimensional/5-dim-visitall-CLOSE-g1/domain.pddl -P /tmp/htg_family_agent/corpus/visitall-multidimensional/5-dim-visitall-CLOSE-g1/p5.pddl -O /tmp/tyr-visitall-results/tyr-p5-r3.plan -N 1 -M 1 -H rpg_ff --heuristic-cost-type unit --search-cost-type unit -V 0
8,tyr_gbfs_rpg_ff_1core,3,solved,0.025009,3,0,/tmp/tyr/build2/exe/gbfs_lazy -D /tmp/htg_family_agent/corpus/visitall-multidimensional/5-dim-visitall-CLOSE-g1/domain.pddl -P /tmp/htg_family_agent/corpus/visitall-multidimensional/5-dim-visitall-CLOSE-g1/p8.pddl -O /tmp/tyr-visitall-results/tyr-p8-r3.plan -N 1 -M 1 -H rpg_ff --heuristic-cost-type unit --search-cost-type unit -V 0
9,tyr_gbfs_rpg_ff_1core,3,solved,1.482592,13,0,/tmp/tyr/build2/exe/gbfs_lazy -D /tmp/htg_family_agent/corpus/visitall-multidimensional/5-dim-visitall-CLOSE-g1/domain.pddl -P /tmp/htg_family_agent/corpus/visitall-multidimensional/5-dim-visitall-CLOSE-g1/p9.pddl -O /tmp/tyr-visitall-results/tyr-p9-r3.plan -N 1 -M 1 -H rpg_ff --heuristic-cost-type unit --search-cost-type unit -V 0
0,tyr_gbfs_rpg_ff_1core,3,solved,0.027009,4,0,/tmp/tyr/build2/exe/gbfs_lazy -D /tmp/htg_family_agent/corpus/visitall-multidimensional/5-dim-visitall-CLOSE-g1/domain.pddl -P /tmp/htg_family_agent/corpus/visitall-multidimensional/5-dim-visitall-CLOSE-g1/p0.pddl -O /tmp/tyr-visitall-results/tyr-p0-r3.plan -N 1 -M 1 -H rpg_ff --heuristic-cost-type unit --search-cost-type unit -V 0
1,tyr_gbfs_rpg_ff_1core,3,solved,0.026203,3,0,/tmp/tyr/build2/exe/gbfs_lazy -D /tmp/htg_family_agent/corpus/visitall-multidimensional/5-dim-visitall-CLOSE-g1/domain.pddl -P /tmp/htg_family_agent/corpus/visitall-multidimensional/5-dim-visitall-CLOSE-g1/p1.pddl -O /tmp/tyr-visitall-results/tyr-p1-r3.plan -N 1 -M 1 -H rpg_ff --heuristic-cost-type unit --search-cost-type unit -V 0
3,tyr_gbfs_rpg_ff_1core,4,solved,0.050615,6,0,/tmp/tyr/build2/exe/gbfs_lazy -D /tmp/htg_family_agent/corpus/visitall-multidimensional/5-dim-visitall-CLOSE-g1/domain.pddl -P /tmp/htg_family_agent/corpus/visitall-multidimensional/5-dim-visitall-CLOSE-g1/p3.pddl -O /tmp/tyr-visitall-results/tyr-p3-r4.plan -N 1 -M 1 -H rpg_ff --heuristic-cost-type unit --search-cost-type unit -V 0
4,tyr_gbfs_rpg_ff_1core,4,solved,0.032078,5,0,/tmp/tyr/build2/exe/gbfs_lazy -D /tmp/htg_family_agent/corpus/visitall-multidimensional/5-dim-visitall-CLOSE-g1/domain.pddl -P /tmp/htg_family_agent/corpus/visitall-multidimensional/5-dim-visitall-CLOSE-g1/p4.pddl -O /tmp/tyr-visitall-results/tyr-p4-r4.plan -N 1 -M 1 -H rpg_ff --heuristic-cost-type unit --search-cost-type unit -V 0
5,tyr_gbfs_rpg_ff_1core,4,solved,0.023801,3,0,/tmp/tyr/build2/exe/gbfs_lazy -D /tmp/htg_family_agent/corpus/visitall-multidimensional/5-dim-visitall-CLOSE-g1/domain.pddl -P /tmp/htg_family_agent/corpus/visitall-multidimensional/5-dim-visitall-CLOSE-g1/p5.pddl -O /tmp/tyr-visitall-results/tyr-p5-r4.plan -N 1 -M 1 -H rpg_ff --heuristic-cost-type unit --search-cost-type unit -V 0
8,tyr_gbfs_rpg_ff_1core,4,solved,0.025379,3,0,/tmp/tyr/build2/exe/gbfs_lazy -D /tmp/htg_family_agent/corpus/visitall-multidimensional/5-dim-visitall-CLOSE-g1/domain.pddl -P /tmp/htg_family_agent/corpus/visitall-multidimensional/5-dim-visitall-CLOSE-g1/p8.pddl -O /tmp/tyr-visitall-results/tyr-p8-r4.plan -N 1 -M 1 -H rpg_ff --heuristic-cost-type unit --search-cost-type unit -V 0
9,tyr_gbfs_rpg_ff_1core,4,solved,1.535468,13,0,/tmp/tyr/build2/exe/gbfs_lazy -D /tmp/htg_family_agent/corpus/visitall-multidimensional/5-dim-visitall-CLOSE-g1/domain.pddl -P /tmp/htg_family_agent/corpus/visitall-multidimensional/5-dim-visitall-CLOSE-g1/p9.pddl -O /tmp/tyr-visitall-results/tyr-p9-r4.plan -N 1 -M 1 -H rpg_ff --heuristic-cost-type unit --search-cost-type unit -V 0
0,tyr_gbfs_rpg_ff_1core,4,solved,0.026954,4,0,/tmp/tyr/build2/exe/gbfs_lazy -D /tmp/htg_family_agent/corpus/visitall-multidimensional/5-dim-visitall-CLOSE-g1/domain.pddl -P /tmp/htg_family_agent/corpus/visitall-multidimensional/5-dim-visitall-CLOSE-g1/p0.pddl -O /tmp/tyr-visitall-results/tyr-p0-r4.plan -N 1 -M 1 -H rpg_ff --heuristic-cost-type unit --search-cost-type unit -V 0
1,tyr_gbfs_rpg_ff_1core,4,solved,0.022501,3,0,/tmp/tyr/build2/exe/gbfs_lazy -D /tmp/htg_family_agent/corpus/visitall-multidimensional/5-dim-visitall-CLOSE-g1/domain.pddl -P /tmp/htg_family_agent/corpus/visitall-multidimensional/5-dim-visitall-CLOSE-g1/p1.pddl -O /tmp/tyr-visitall-results/tyr-p1-r4.plan -N 1 -M 1 -H rpg_ff --heuristic-cost-type unit --search-cost-type unit -V 0
2,tyr_gbfs_rpg_ff_1core,4,solved,0.034861,5,0,/tmp/tyr/build2/exe/gbfs_lazy -D /tmp/htg_family_agent/corpus/visitall-multidimensional/5-dim-visitall-CLOSE-g1/domain.pddl -P /tmp/htg_family_agent/corpus/visitall-multidimensional/5-dim-visitall-CLOSE-g1/p2.pddl -O /tmp/tyr-visitall-results/tyr-p2-r4.plan -N 1 -M 1 -H rpg_ff --heuristic-cost-type unit --search-cost-type unit -V 0
4,tyr_gbfs_rpg_ff_1core,5,solved,0.032629,5,0,/tmp/tyr/build2/exe/gbfs_lazy -D /tmp/htg_family_agent/corpus/visitall-multidimensional/5-dim-visitall-CLOSE-g1/domain.pddl -P /tmp/htg_family_agent/corpus/visitall-multidimensional/5-dim-visitall-CLOSE-g1/p4.pddl -O /tmp/tyr-visitall-results/tyr-p4-r5.plan -N 1 -M 1 -H rpg_ff --heuristic-cost-type unit --search-cost-type unit -V 0
5,tyr_gbfs_rpg_ff_1core,5,solved,0.023334,3,0,/tmp/tyr/build2/exe/gbfs_lazy -D /tmp/htg_family_agent/corpus/visitall-multidimensional/5-dim-visitall-CLOSE-g1/domain.pddl -P /tmp/htg_family_agent/corpus/visitall-multidimensional/5-dim-visitall-CLOSE-g1/p5.pddl -O /tmp/tyr-visitall-results/tyr-p5-r5.plan -N 1 -M 1 -H rpg_ff --heuristic-cost-type unit --search-cost-type unit -V 0
8,tyr_gbfs_rpg_ff_1core,5,solved,0.026022,3,0,/tmp/tyr/build2/exe/gbfs_lazy -D /tmp/htg_family_agent/corpus/visitall-multidimensional/5-dim-visitall-CLOSE-g1/domain.pddl -P /tmp/htg_family_agent/corpus/visitall-multidimensional/5-dim-visitall-CLOSE-g1/p8.pddl -O /tmp/tyr-visitall-results/tyr-p8-r5.plan -N 1 -M 1 -H rpg_ff --heuristic-cost-type unit --search-cost-type unit -V 0
9,tyr_gbfs_rpg_ff_1core,5,solved,1.563597,13,0,/tmp/tyr/build2/exe/gbfs_lazy -D /tmp/htg_family_agent/corpus/visitall-multidimensional/5-dim-visitall-CLOSE-g1/domain.pddl -P /tmp/htg_family_agent/corpus/visitall-multidimensional/5-dim-visitall-CLOSE-g1/p9.pddl -O /tmp/tyr-visitall-results/tyr-p9-r5.plan -N 1 -M 1 -H rpg_ff --heuristic-cost-type unit --search-cost-type unit -V 0
0,tyr_gbfs_rpg_ff_1core,5,solved,0.028082,4,0,/tmp/tyr/build2/exe/gbfs_lazy -D /tmp/htg_family_agent/corpus/visitall-multidimensional/5-dim-visitall-CLOSE-g1/domain.pddl -P /tmp/htg_family_agent/corpus/visitall-multidimensional/5-dim-visitall-CLOSE-g1/p0.pddl -O /tmp/tyr-visitall-results/tyr-p0-r5.plan -N 1 -M 1 -H rpg_ff --heuristic-cost-type unit --search-cost-type unit -V 0
1,tyr_gbfs_rpg_ff_1core,5,solved,0.024115,3,0,/tmp/tyr/build2/exe/gbfs_lazy -D /tmp/htg_family_agent/corpus/visitall-multidimensional/5-dim-visitall-CLOSE-g1/domain.pddl -P /tmp/htg_family_agent/corpus/visitall-multidimensional/5-dim-visitall-CLOSE-g1/p1.pddl -O /tmp/tyr-visitall-results/tyr-p1-r5.plan -N 1 -M 1 -H rpg_ff --heuristic-cost-type unit --search-cost-type unit -V 0
2,tyr_gbfs_rpg_ff_1core,5,solved,0.034191,5,0,/tmp/tyr/build2/exe/gbfs_lazy -D /tmp/htg_family_agent/corpus/visitall-multidimensional/5-dim-visitall-CLOSE-g1/domain.pddl -P /tmp/htg_family_agent/corpus/visitall-multidimensional/5-dim-visitall-CLOSE-g1/p2.pddl -O /tmp/tyr-visitall-results/tyr-p2-r5.plan -N 1 -M 1 -H rpg_ff --heuristic-cost-type unit --search-cost-type unit -V 0
3,tyr_gbfs_rpg_ff_1core,5,solved,0.048640,6,0,/tmp/tyr/build2/exe/gbfs_lazy -D /tmp/htg_family_agent/corpus/visitall-multidimensional/5-dim-visitall-CLOSE-g1/domain.pddl -P /tmp/htg_family_agent/corpus/visitall-multidimensional/5-dim-visitall-CLOSE-g1/p3.pddl -O /tmp/tyr-visitall-results/tyr-p3-r5.plan -N 1 -M 1 -H rpg_ff --heuristic-cost-type unit --search-cost-type unit -V 0
